region_id,state,district,latitude,longitude,rainfall_24h_mm,rainfall_7d_mm,soil_wetness_index,temperature_c,neighbor_risk_mean,neighbor_count,label,hazard_score,elevation_m,slope_deg,ndvi
IN-AIZ-AIZAWL,Mizoram,Aizawl,23.7271,92.7176,0.0,0.0,0.0,18.143333333333334,0.5,4,1,0.2769124109486314,1132,39,0.34
IN-ALA-ALAPPUZHA,Kerala,Alappuzha,9.4981,76.3388,0.01,0.8200000000000001,0.027900646478394013,28.02,0.5,4,0,0.11321745339845449,8,7,0.63
IN-ALM-ALMORA,Uttarakhand,Almora,29.5892,79.6467,0.0,27.63,0.9401156856073494,12.35,0.5,4,1,0.5293665547037992,1638,24,0.5
IN-BAG-BAGESHWAR,Uttarakhand,Bageshwar,29.8374,79.7714,0.0,26.45,0.8999659748213678,4.153333333333333,0.5,4,1,0.5209725334265167,1004,27,0.46
IN-CHA-CHAMOLI,Uttarakhand,Chamoli,30.42,79.32,0.03,21.130000000000003,0.7189520244981287,-2.056666666666667,0.5,4,1,0.548613617088269,1820,41,0.35
IN-CHI-CHIKKAMAGALURU,Karnataka,Chikkamagaluru,13.3161,75.772,0.0,0.16,0.005444028581150051,21.16,0.5,4,0,0.2410744042882697,1090,32,0.44
IN-CHM-CHAMBA,Himachal Pradesh,Chamba,32.5534,76.1258,0.28,22.7,0.7723715549506635,1.6033333333333335,0.5,4,1,0.5695020542175339,996,31,0.47
IN-CHP-CHAMPAWAT,Uttarakhand,Champawat,29.336,80.091,0.01,29.39,1.0,10.513333333333334,0.5,4,1,0.5570356392950881,1615,25,0.49
IN-DAR-DARJEELING,West Bengal,Darjeeling,27.041,88.2663,0.0,0.04,0.0013610071452875127,12.663333333333334,0.5,4,0,0.1937960007721049,980,24,0.58
IN-DEH-DEHRADUN,Uttarakhand,Dehradun,30.3165,78.0322,0.01,19.950000000000003,0.678802313712147,10.03,0.5,4,1,0.3969343314690291,640,18,0.56
IN-DIM-DIMAHASAO,Assam,Dima Hasao,25.2703,93.0176,0.0,0.0,0.0,15.933333333333332,0.5,4,0,0.20346756655418075,686,27,0.55
IN-DIN-DINDIGUL,Tamil Nadu,Dindigul,10.3673,77.9803,0.0,2.2499999999999996,0.07655665192242257,23.376666666666665,0.5,4,0,0.2391430224335262,1018,27,0.49
IN-EKH-EASTKHASIHILLS,Meghalaya,East Khasi Hills,25.5788,91.8933,0.0,0.0,0.0,11.696666666666667,0.5,4,0,0.23381211098612675,1496,30,0.49
IN-ERN-ERNAKULAM,Kerala,Ernakulam,9.9816,76.2999,0.01,1.55,0.05273902687989112,27.626666666666665,0.5,4,0,0.12819954810429235,12,9,0.66
IN-GAN-GANGTOK,Sikkim,Gangtok,27.3389,88.6065,0.0,0.54,0.01837359646138142,1.2,0.5,4,1,0.29801736400421874,1510,42,0.4
IN-HAR-HARIDWAR,Uttarakhand,Haridwar,29.9457,78.1642,0.0,16.23,0.5522286492004083,14.363333333333337,0.5,4,1,0.306999529254573,249,10,0.61
IN-IDU-IDUKKI,Kerala,Idukki,10.0889,77.0595,0.0,1.63,0.05546104117046614,21.046666666666667,0.5,4,1,0.2953551042041827,1240,38,0.31
IN-KAL-KALIMPONG,West Bengal,Kalimpong,27.0622,88.4753,0.0,0.22,0.00748553929908132,12.906666666666666,0.5,4,0,0.22235033270551968,1250,28,0.51
IN-KAN-KANNUR,Kerala,Kannur,11.8745,75.3704,0.02,2.67,0.09084722694794148,25.30666666666667,0.5,4,0,0.1601806705856222,10,12,0.61
IN-KAR-KARBIALONG,Assam,Karbi Anglong,25.845,93.431,0.0,0.0,0.0,18.583333333333332,0.5,4,0,0.1812227409073866,503,23,0.58
IN-KAS-KASARAGOD,Kerala,Kasaragod,12.4996,74.9869,0.05,1.3600000000000003,0.046274242939775445,27.156666666666663,0.5,4,0,0.16335975178587536,26,14,0.59
IN-KIN-KINNAUR,Himachal Pradesh,Kinnaur,31.58,78.23,0.15,25.049999999999997,0.8523307247363048,-10.85,0.5,4,1,0.6237203054279665,2960,37,0.41
IN-KOD-KODAGU,Karnataka,Kodagu,12.3375,75.8069,0.01,2.02,0.06873086083701939,23.94333333333333,0.5,4,1,0.2829614060704133,1170,35,0.39
IN-KOH-KOHIMA,Nagaland,Kohima,25.6751,94.1086,0.0,0.0,0.0,11.82,0.5,4,0,0.21371623547056617,1444,26,0.52
IN-KOL-KOLASIB,Mizoram,Kolasib,24.2239,92.6787,0.0,0.0,0.0,18.84,0.5,4,0,0.19757592800899887,636,25,0.5
IN-KOL-KOLLAM,Kerala,Kollam,8.8932,76.6141,0.0,0.23,0.007825791085403199,25.813333333333333,0.5,4,0,0.13752546713176675,71,14,0.59
IN-KOT-KOTTAYAM,Kerala,Kottayam,9.5916,76.5222,0.01,0.8200000000000001,0.027900646478394013,28.02,0.5,4,0,0.15633875073628725,72,16,0.58
IN-KOZ-KOZHIKODE,Kerala,Kozhikode,11.2588,75.7804,0.02,2.32,0.07893841442667573,27.003333333333337,0.5,4,0,0.1447766499564383,11,10,0.65
IN-KUL-KULLU,Himachal Pradesh,Kullu,31.9579,77.1095,0.33,27.94,0.9506634909833277,2.6566666666666667,0.5,4,1,0.6625208437772262,1279,34,0.45
IN-LUN-LUNGLEI,Mizoram,Lunglei,22.8671,92.765,0.0,0.0,0.0,19.623333333333335,0.5,4,0,0.2420887889013873,1222,32,0.43
IN-MAL-MALAPPURAM,Kerala,Malappuram,11.0732,76.074,0.0,2.35,0.07995916978564138,24.72666666666667,0.5,4,0,0.1760290873559145,54,17,0.57
IN-MAN-MANDI,Himachal Pradesh,Mandi,31.7081,76.9315,0.09,28.8,0.9799251446070092,10.04,0.5,4,1,0.5660291048469231,1044,26,0.5
IN-MAN-MANGAN,Sikkim,Mangan,27.5167,88.5333,0.0,0.54,0.01837359646138142,1.2,0.5,4,0,0.2669986163476758,1400,36,0.45
IN-NAI-NAINITAL,Uttarakhand,Nainital,29.3919,79.4542,0.0,27.63,0.9401156856073494,12.35,0.5,4,1,0.5552256848125355,2084,28,0.48
IN-NAM-NAMCHI,Sikkim,Namchi,27.1642,88.3639,0.0,0.04,0.0013610071452875127,12.663333333333334,0.5,4,0,0.2557540622644184,1675,34,0.47
IN-NGO-NORTHGOA,Goa,North Goa,15.4909,73.8278,0.0,0.0,0.0,26.48,0.5,4,0,0.15424390701162355,250,18,0.6
IN-NIL-NILGIRIS,Tamil Nadu,Nilgiris,11.4916,76.7337,0.0,2.36,0.08029942157196325,21.30666666666667,0.5,4,1,0.27113292444432874,2240,29,0.46
IN-PAL-PALAKKAD,Kerala,Palakkad,10.7867,76.6548,0.0,2.58,0.08778496087104458,22.22,0.5,4,0,0.20004347462266436,140,21,0.53
IN-PAP-PAPUMPARE,Arunachal Pradesh,Papum Pare,27.0844,93.6053,0.0,0.05,0.001701258931609391,15.98,0.5,4,0,0.2501777531211117,1200,34,0.44
IN-PAT-PATHANAMTHITTA,Kerala,Pathanamthitta,9.2648,76.787,0.0,0.7799999999999999,0.026539639333106494,23.896666666666665,0.5,4,0,0.1644707964583706,110,18,0.55
IN-PAU-PAURIGARHWAL,Uttarakhand,Pauri Garhwal,30.146,78.7812,0.0,20.729999999999997,0.7053419530452534,11.29,0.5,4,1,0.46310205331172666,1814,26,0.47
IN-PHE-PHEK,Nagaland,Phek,25.68,94.5,0.0,0.0,0.0,11.82,0.5,4,0,0.2299857142857143,1524,29,0.49
IN-PIT-PITHORAGARH,Uttarakhand,Pithoragarh,29.5829,80.2182,0.01,29.39,1.0,10.513333333333334,0.5,4,1,0.616738357705287,1650,37,0.38
IN-RAI-RAIGAD,Maharashtra,Raigad,18.5158,73.1822,0.01,0.87,0.0296019054100034,24.816666666666663,0.5,4,0,0.20357218439733138,570,24,0.52
IN-RAT-RATNAGIRI,Maharashtra,Ratnagiri,16.9902,73.312,0.0,0.23,0.007825791085403199,26.19333333333333,0.5,4,0,0.17778795307102435,350,22,0.57
IN-RUD-RUDRAPRAYAG,Uttarakhand,Rudraprayag,30.2844,78.9811,0.02,20.18,0.6866281047975502,6.343333333333334,0.5,4,1,0.4755781713042079,895,32,0.43
IN-SAT-SATARA,Maharashtra,Satara,17.6805,74.0183,0.0,0.0,0.0,23.793333333333333,0.5,4,0,0.18724334458192726,742,23,0.55
IN-SEN-SENAPATI,Manipur,Senapati,25.267,94.022,0.0,0.0,0.0,14.153333333333334,0.5,4,0,0.21740485564304463,1061,28,0.5
IN-SGH-SOUTHGAROHILLS,Meghalaya,South Garo Hills,25.289,90.568,0.0,0.0,0.0,17.790000000000003,0.5,4,0,0.19374900637420323,920,24,0.56
IN-SHI-SHIMLA,Himachal Pradesh,Shimla,31.1048,77.1734,0.03,25.51,0.8679823069071113,11.736666666666666,0.5,4,1,0.5827873626761269,2206,36,0.37
IN-TAW-TAWANG,Arunachal Pradesh,Tawang,27.5861,91.863,0.0,0.02,0.0006805035726437564,1.53,0.5,4,0,0.25731708550041316,3048,29,0.46
IN-TEH-TEHRIGARHWAL,Uttarakhand,Tehri Garhwal,30.3783,78.48,0.02,20.18,0.6866281047975502,6.343333333333334,0.5,4,1,0.48133720767466165,1550,31,0.44
IN-THR-THRISSUR,Kerala,Thrissur,10.5276,76.2144,0.0,2.09,0.07111262334127254,26.676666666666662,0.5,4,0,0.1432492330683911,20,11,0.62
IN-TVM-THIRUVANANTHAPURAM,Kerala,Thiruvananthapuram,8.5241,76.9366,0.0,0.14,0.004763525008506295,27.063333333333333,0.5,4,0,0.1270980386978678,64,12,0.6
IN-UDH-UDHAMSINGHNAGAR,Uttarakhand,Udham Singh Nagar,28.9617,79.515,0.03,24.53,0.8346376318475672,15.409999999999998,0.5,4,1,0.4008354749931522,230,8,0.63
IN-UTK-UTTARKASHI,Uttarakhand,Uttarkashi,30.729,78.443,0.02,20.18,0.6866281047975502,6.343333333333334,0.5,4,1,0.49414961862329304,1158,35,0.41
IN-WAY-WAYANAD,Kerala,Wayanad,11.6854,76.132,0.0,2.33,0.07927866621299762,23.26,0.5,4,1,0.268583055473799,890,33,0.42
IN-WJH-WESTJAINTIAHILLS,Meghalaya,West Jaintia Hills,25.444,92.197,0.0,0.0,0.0,13.803333333333333,0.5,4,0,0.22193779527559054,1380,28,0.51
IN-WKA-WESTKAMENG,Arunachal Pradesh,West Kameng,27.363,92.418,0.0,0.0,0.0,3.203333333333333,0.5,4,0,0.24444086989126357,1840,31,0.48
