region_id,state,district,latitude,longitude,rainfall_24h_mm,rainfall_7d_mm,slope_deg,elevation_m,soil_wetness_index,ndvi,temperature_c,neighbor_risk_mean,neighbor_count,label,date,hazard_score
IN-AIZ-AIZAWL__2026-04-01,Mizoram,Aizawl,23.7271,92.7176,118.0,118.0,39,1132,0.09076923076923077,0.34,22,0.69,5,1,2026-04-01,0.4835151328985975
IN-AIZ-AIZAWL__2026-04-02,Mizoram,Aizawl,23.7271,92.7176,127.0,245.0,39,1132,0.18846153846153846,0.34,22,0.69,5,1,2026-04-02,0.5072833932097149
IN-AIZ-AIZAWL__2026-04-03,Mizoram,Aizawl,23.7271,92.7176,136.0,381.0,39,1132,0.29307692307692307,0.34,22,0.69,5,1,2026-04-03,0.5462143271426737
IN-AIZ-AIZAWL__2026-04-04,Mizoram,Aizawl,23.7271,92.7176,145.0,526.0,39,1132,0.4046153846153846,0.34,22,0.69,5,1,2026-04-04,0.590703986630417
IN-AIZ-AIZAWL__2026-04-05,Mizoram,Aizawl,23.7271,92.7176,154.0,680.0,39,1132,0.5230769230769231,0.34,22,0.69,5,1,2026-04-05,0.638831299085352
IN-AIZ-AIZAWL__2026-04-06,Mizoram,Aizawl,23.7271,92.7176,163.0,843.0,39,1132,0.6484615384615384,0.34,22,0.69,5,1,2026-04-06,0.689955708929921
IN-AIZ-AIZAWL__2026-04-07,Mizoram,Aizawl,23.7271,92.7176,175.0,1018.0,39,1132,0.7830769230769231,0.34,22,0.69,5,1,2026-04-07,0.7479577943628699
IN-AIZ-AIZAWL__2026-04-08,Mizoram,Aizawl,23.7271,92.7176,184.0,1084.0,39,1132,0.8338461538461538,0.34,22,0.69,5,1,2026-04-08,0.7749509546414304
IN-AIZ-AIZAWL__2026-04-09,Mizoram,Aizawl,23.7271,92.7176,193.0,1150.0,39,1132,0.8846153846153846,0.34,22,0.69,5,1,2026-04-09,0.8019540505027324
IN-AIZ-AIZAWL__2026-04-10,Mizoram,Aizawl,23.7271,92.7176,202.0,1216.0,39,1132,0.9353846153846154,0.34,22,0.69,5,1,2026-04-10,0.8289654641462972
IN-ALA-ALAPPUZHA__2026-04-01,Kerala,Alappuzha,9.4981,76.3388,12.0,12.0,7,8,0.009230769230769232,0.63,30,0.24,2,0,2026-04-01,0.12908685094433126
IN-ALA-ALAPPUZHA__2026-04-02,Kerala,Alappuzha,9.4981,76.3388,15.0,27.0,7,8,0.02076923076923077,0.63,30,0.24,2,0,2026-04-02,0.11850487736235768
IN-ALA-ALAPPUZHA__2026-04-03,Kerala,Alappuzha,9.4981,76.3388,18.0,45.0,7,8,0.03461538461538462,0.63,30,0.24,2,0,2026-04-03,0.12026307472055504
IN-ALA-ALAPPUZHA__2026-04-04,Kerala,Alappuzha,9.4981,76.3388,21.0,66.0,7,8,0.05076923076923077,0.63,30,0.24,2,0,2026-04-04,0.12575538241286274
IN-ALA-ALAPPUZHA__2026-04-05,Kerala,Alappuzha,9.4981,76.3388,24.0,90.0,7,8,0.06923076923076923,0.63,30,0.24,2,0,2026-04-05,0.13324442670190703
IN-ALA-ALAPPUZHA__2026-04-06,Kerala,Alappuzha,9.4981,76.3388,27.0,117.0,7,8,0.09,0.63,30,0.24,2,0,2026-04-06,0.14214279500027532
IN-ALA-ALAPPUZHA__2026-04-07,Kerala,Alappuzha,9.4981,76.3388,30.0,147.0,7,8,0.11307692307692307,0.63,30,0.24,2,0,2026-04-07,0.15219417219450965
IN-ALA-ALAPPUZHA__2026-04-08,Kerala,Alappuzha,9.4981,76.3388,33.0,168.0,7,8,0.12923076923076923,0.63,30,0.24,2,0,2026-04-08,0.16065308471056505
IN-ALA-ALAPPUZHA__2026-04-09,Kerala,Alappuzha,9.4981,76.3388,36.0,189.0,7,8,0.1453846153846154,0.63,30,0.24,2,0,2026-04-09,0.16918002443750474
IN-ALA-ALAPPUZHA__2026-04-10,Kerala,Alappuzha,9.4981,76.3388,39.0,210.0,7,8,0.16153846153846155,0.63,30,0.24,2,0,2026-04-10,0.17775458321206353
IN-ALM-ALMORA__2026-04-01,Uttarakhand,Almora,29.5892,79.6467,25.0,25.0,24,1638,0.019230769230769232,0.5,16,0.4,3,0,2026-04-01,0.2719124261565206
IN-ALM-ALMORA__2026-04-02,Uttarakhand,Almora,29.5892,79.6467,30.0,55.0,24,1638,0.04230769230769231,0.5,16,0.4,3,0,2026-04-02,0.2670313072754017
IN-ALM-ALMORA__2026-04-03,Uttarakhand,Almora,29.5892,79.6467,35.0,90.0,24,1638,0.06923076923076923,0.5,16,0.4,3,0,2026-04-03,0.2753770726211671
IN-ALM-ALMORA__2026-04-04,Uttarakhand,Almora,29.5892,79.6467,40.0,130.0,24,1638,0.1,0.5,16,0.4,3,0,2026-04-04,0.28804529328938777
IN-ALM-ALMORA__2026-04-05,Uttarakhand,Almora,29.5892,79.6467,45.0,175.0,24,1638,0.1346153846153846,0.5,16,0.4,3,0,2026-04-05,0.30324709149118595
IN-ALM-ALMORA__2026-04-06,Uttarakhand,Almora,29.5892,79.6467,50.0,225.0,24,1638,0.17307692307692307,0.5,16,0.4,3,0,2026-04-06,0.32038173462582914
IN-ALM-ALMORA__2026-04-07,Uttarakhand,Almora,29.5892,79.6467,55.0,280.0,24,1638,0.2153846153846154,0.5,16,0.4,3,0,2026-04-07,0.3391891494332439
IN-ALM-ALMORA__2026-04-08,Uttarakhand,Almora,29.5892,79.6467,60.0,315.0,24,1638,0.2423076923076923,0.5,16,0.4,3,0,2026-04-08,0.3535594458035404
IN-ALM-ALMORA__2026-04-09,Uttarakhand,Almora,29.5892,79.6467,65.0,350.0,24,1638,0.2692307692307692,0.5,16,0.4,3,0,2026-04-09,0.36797736122145575
IN-ALM-ALMORA__2026-04-10,Uttarakhand,Almora,29.5892,79.6467,70.0,385.0,24,1638,0.29615384615384616,0.5,16,0.4,3,1,2026-04-10,0.3824299086740032
IN-BAG-BAGESHWAR__2026-04-01,Uttarakhand,Bageshwar,29.8374,79.7714,42.0,42.0,27,1004,0.03230769230769231,0.46,17,0.46,4,0,2026-04-01,0.302280862444642
IN-BAG-BAGESHWAR__2026-04-02,Uttarakhand,Bageshwar,29.8374,79.7714,48.0,90.0,27,1004,0.06923076923076923,0.46,17,0.46,4,0,2026-04-02,0.30271349647727597
IN-BAG-BAGESHWAR__2026-04-03,Uttarakhand,Bageshwar,29.8374,79.7714,58.0,148.0,27,1004,0.11384615384615385,0.46,17,0.46,4,0,2026-04-03,0.32313416049794
IN-BAG-BAGESHWAR__2026-04-04,Uttarakhand,Bageshwar,29.8374,79.7714,64.0,212.0,27,1004,0.16307692307692306,0.46,17,0.46,4,0,2026-04-04,0.34281787260429364
IN-BAG-BAGESHWAR__2026-04-05,Uttarakhand,Bageshwar,29.8374,79.7714,70.0,282.0,27,1004,0.2169230769230769,0.46,17,0.46,4,1,2026-04-05,0.3655246257735117
IN-BAG-BAGESHWAR__2026-04-06,Uttarakhand,Bageshwar,29.8374,79.7714,76.0,358.0,27,1004,0.2753846153846154,0.46,17,0.46,4,1,2026-04-06,0.39050954549343675
IN-BAG-BAGESHWAR__2026-04-07,Uttarakhand,Bageshwar,29.8374,79.7714,82.0,440.0,27,1004,0.3384615384615385,0.46,17,0.46,4,1,2026-04-07,0.4174640792278588
IN-BAG-BAGESHWAR__2026-04-08,Uttarakhand,Bageshwar,29.8374,79.7714,88.0,486.0,27,1004,0.37384615384615383,0.46,17,0.46,4,1,2026-04-08,0.43582855590344655
IN-BAG-BAGESHWAR__2026-04-09,Uttarakhand,Bageshwar,29.8374,79.7714,94.0,532.0,27,1004,0.40923076923076923,0.46,17,0.46,4,1,2026-04-09,0.4542296504986932
IN-BAG-BAGESHWAR__2026-04-10,Uttarakhand,Bageshwar,29.8374,79.7714,100.0,574.0,27,1004,0.44153846153846155,0.46,17,0.46,4,1,2026-04-10,0.4716606923708133
IN-CHA-CHAMOLI__2026-04-01,Uttarakhand,Chamoli,30.42,79.32,91.0,91.0,41,1820,0.07,0.35,17,0.66,5,1,2026-04-01,0.46631378464055623
IN-CHA-CHAMOLI__2026-04-02,Uttarakhand,Chamoli,30.42,79.32,101.0,192.0,41,1820,0.1476923076923077,0.35,17,0.66,5,1,2026-04-02,0.4846799268316985
IN-CHA-CHAMOLI__2026-04-03,Uttarakhand,Chamoli,30.42,79.32,111.0,303.0,41,1820,0.23307692307692307,0.35,17,0.66,5,1,2026-04-03,0.5182315856514266
IN-CHA-CHAMOLI__2026-04-04,Uttarakhand,Chamoli,30.42,79.32,121.0,424.0,41,1820,0.3261538461538461,0.35,17,0.66,5,1,2026-04-04,0.5575484593997593
IN-CHA-CHAMOLI__2026-04-05,Uttarakhand,Chamoli,30.42,79.32,131.0,555.0,41,1820,0.4269230769230769,0.35,17,0.66,5,1,2026-04-05,0.6007454358722075
IN-CHA-CHAMOLI__2026-04-06,Uttarakhand,Chamoli,30.42,79.32,141.0,696.0,41,1820,0.5353846153846153,0.35,17,0.66,5,1,2026-04-06,0.6471934566926422
IN-CHA-CHAMOLI__2026-04-07,Uttarakhand,Chamoli,30.42,79.32,154.0,850.0,41,1820,0.6538461538461539,0.35,17,0.66,5,1,2026-04-07,0.7007958084990508
IN-CHA-CHAMOLI__2026-04-08,Uttarakhand,Chamoli,30.42,79.32,164.0,923.0,41,1820,0.71,0.35,17,0.66,5,1,2026-04-08,0.7306574072151648
IN-CHA-CHAMOLI__2026-04-09,Uttarakhand,Chamoli,30.42,79.32,174.0,996.0,41,1820,0.7661538461538462,0.35,17,0.66,5,1,2026-04-09,0.7605394986855475
IN-CHA-CHAMOLI__2026-04-10,Uttarakhand,Chamoli,30.42,79.32,184.0,1069.0,41,1820,0.8223076923076923,0.35,17,0.66,5,1,2026-04-10,0.7904378846752269
IN-CHI-CHIKKAMAGALURU__2026-04-01,Karnataka,Chikkamagaluru,13.3161,75.772,76.0,76.0,32,1090,0.05846153846153846,0.44,24,0.6,4,1,2026-04-01,0.3825855640422569
IN-CHI-CHIKKAMAGALURU__2026-04-02,Karnataka,Chikkamagaluru,13.3161,75.772,84.0,160.0,32,1090,0.12307692307692308,0.44,24,0.6,4,1,2026-04-02,0.39428206753876044
IN-CHI-CHIKKAMAGALURU__2026-04-03,Karnataka,Chikkamagaluru,13.3161,75.772,92.0,252.0,32,1090,0.19384615384615383,0.44,24,0.6,4,1,2026-04-03,0.4206740533307462
IN-CHI-CHIKKAMAGALURU__2026-04-04,Karnataka,Chikkamagaluru,13.3161,75.772,100.0,352.0,32,1090,0.27076923076923076,0.44,24,0.6,4,1,2026-04-04,0.4523156339723268
IN-CHI-CHIKKAMAGALURU__2026-04-05,Karnataka,Chikkamagaluru,13.3161,75.772,108.0,460.0,32,1090,0.35384615384615387,0.44,24,0.6,4,1,2026-04-05,0.4873167285299431
IN-CHI-CHIKKAMAGALURU__2026-04-06,Karnataka,Chikkamagaluru,13.3161,75.772,116.0,576.0,32,1090,0.4430769230769231,0.44,24,0.6,4,1,2026-04-06,0.525046714003407
IN-CHI-CHIKKAMAGALURU__2026-04-07,Karnataka,Chikkamagaluru,13.3161,75.772,127.0,703.0,32,1090,0.5407692307692308,0.44,24,0.6,4,1,2026-04-07,0.5694327166051989
IN-CHI-CHIKKAMAGALURU__2026-04-08,Karnataka,Chikkamagaluru,13.3161,75.772,135.0,762.0,32,1090,0.5861538461538461,0.44,24,0.6,4,1,2026-04-08,0.5934511991945063
IN-CHI-CHIKKAMAGALURU__2026-04-09,Karnataka,Chikkamagaluru,13.3161,75.772,143.0,821.0,32,1090,0.6315384615384615,0.44,24,0.6,4,1,2026-04-09,0.617489740255812
IN-CHI-CHIKKAMAGALURU__2026-04-10,Karnataka,Chikkamagaluru,13.3161,75.772,151.0,880.0,32,1090,0.676923076923077,0.44,24,0.6,4,1,2026-04-10,0.6415443053009984
IN-CHM-CHAMBA__2026-04-01,Himachal Pradesh,Chamba,32.5534,76.1258,31.0,31.0,31,996,0.023846153846153847,0.47,17,0.42,3,0,2026-04-01,0.3008893161956154
IN-CHM-CHAMBA__2026-04-02,Himachal Pradesh,Chamba,32.5534,76.1258,39.0,70.0,31,996,0.05384615384615385,0.47,17,0.42,3,0,2026-04-02,0.3021023032086025
IN-CHM-CHAMBA__2026-04-03,Himachal Pradesh,Chamba,32.5534,76.1258,47.0,117.0,31,996,0.09,0.47,17,0.42,3,0,2026-04-03,0.3169045454108446
IN-CHM-CHAMBA__2026-04-04,Himachal Pradesh,Chamba,32.5534,76.1258,55.0,172.0,31,996,0.13230769230769232,0.47,17,0.42,3,0,2026-04-04,0.33673875512877527
IN-CHM-CHAMBA__2026-04-05,Himachal Pradesh,Chamba,32.5534,76.1258,63.0,235.0,31,996,0.18076923076923077,0.47,17,0.42,3,0,2026-04-05,0.3598756575138716
IN-CHM-CHAMBA__2026-04-06,Himachal Pradesh,Chamba,32.5534,76.1258,71.0,306.0,31,996,0.2353846153846154,0.47,17,0.42,3,1,2026-04-06,0.38572980250669
IN-CHM-CHAMBA__2026-04-07,Himachal Pradesh,Chamba,32.5534,76.1258,79.0,385.0,31,996,0.29615384615384616,0.47,17,0.42,3,1,2026-04-07,0.4140453601516594
IN-CHM-CHAMBA__2026-04-08,Himachal Pradesh,Chamba,32.5534,76.1258,87.0,441.0,31,996,0.3392307692307692,0.47,17,0.42,3,1,2026-04-08,0.43710215097987876
IN-CHM-CHAMBA__2026-04-09,Himachal Pradesh,Chamba,32.5534,76.1258,95.0,497.0,31,996,0.3823076923076923,0.47,17,0.42,3,1,2026-04-09,0.46023029634222945
IN-CHM-CHAMBA__2026-04-10,Himachal Pradesh,Chamba,32.5534,76.1258,103.0,553.0,31,996,0.42538461538461536,0.47,17,0.42,3,1,2026-04-10,0.4834081189118865
IN-CHP-CHAMPAWAT__2026-04-01,Uttarakhand,Champawat,29.336,80.091,28.0,28.0,25,1615,0.021538461538461538,0.49,18,0.44,3,0,2026-04-01,0.28330272719406574
IN-CHP-CHAMPAWAT__2026-04-02,Uttarakhand,Champawat,29.336,80.091,33.0,61.0,25,1615,0.04692307692307692,0.49,18,0.44,3,0,2026-04-02,0.27902738614167555
IN-CHP-CHAMPAWAT__2026-04-03,Uttarakhand,Champawat,29.336,80.091,38.0,99.0,25,1615,0.07615384615384616,0.49,18,0.44,3,0,2026-04-03,0.2881345842259228
IN-CHP-CHAMPAWAT__2026-04-04,Uttarakhand,Champawat,29.336,80.091,43.0,142.0,25,1615,0.10923076923076923,0.49,18,0.44,3,0,2026-04-04,0.3015944242294248
IN-CHP-CHAMPAWAT__2026-04-05,Uttarakhand,Champawat,29.336,80.091,48.0,190.0,25,1615,0.14615384615384616,0.49,18,0.44,3,0,2026-04-05,0.31759540293937305
IN-CHP-CHAMPAWAT__2026-04-06,Uttarakhand,Champawat,29.336,80.091,53.0,243.0,25,1615,0.18692307692307691,0.49,18,0.44,3,0,2026-04-06,0.33553050353295316
IN-CHP-CHAMPAWAT__2026-04-07,Uttarakhand,Champawat,29.336,80.091,58.0,301.0,25,1615,0.23153846153846153,0.49,18,0.44,3,0,2026-04-07,0.35513764111735174
IN-CHP-CHAMPAWAT__2026-04-08,Uttarakhand,Champawat,29.336,80.091,63.0,336.0,25,1615,0.25846153846153846,0.49,18,0.44,3,0,2026-04-08,0.3695383915297301
IN-CHP-CHAMPAWAT__2026-04-09,Uttarakhand,Champawat,29.336,80.091,68.0,371.0,25,1615,0.2853846153846154,0.49,18,0.44,3,1,2026-04-09,0.38397831952626194
IN-CHP-CHAMPAWAT__2026-04-10,Uttarakhand,Champawat,29.336,80.091,73.0,406.0,25,1615,0.3123076923076923,0.49,18,0.44,3,1,2026-04-10,0.3984472929731143
IN-DAR-DARJEELING__2026-04-01,West Bengal,Darjeeling,27.041,88.2663,22.0,22.0,24,980,0.016923076923076923,0.58,25,0.36,3,0,2026-04-01,0.2465023275936662
IN-DAR-DARJEELING__2026-04-02,West Bengal,Darjeeling,27.041,88.2663,28.0,50.0,24,980,0.038461538461538464,0.58,25,0.36,3,0,2026-04-02,0.24277085906219764
IN-DAR-DARJEELING__2026-04-03,West Bengal,Darjeeling,27.041,88.2663,34.0,84.0,24,980,0.06461538461538462,0.58,25,0.36,3,0,2026-04-03,0.2519990974904361
IN-DAR-DARJEELING__2026-04-04,West Bengal,Darjeeling,27.041,88.2663,40.0,124.0,24,980,0.09538461538461539,0.58,25,0.36,3,0,2026-04-04,0.26571884011340446
IN-DAR-DARJEELING__2026-04-05,West Bengal,Darjeeling,27.041,88.2663,46.0,170.0,24,980,0.13076923076923078,0.58,25,0.36,3,0,2026-04-05,0.2822153674949414
IN-DAR-DARJEELING__2026-04-06,West Bengal,Darjeeling,27.041,88.2663,52.0,222.0,24,980,0.17076923076923076,0.58,25,0.36,3,0,2026-04-06,0.3009066619980006
IN-DAR-DARJEELING__2026-04-07,West Bengal,Darjeeling,27.041,88.2663,58.0,280.0,24,980,0.2153846153846154,0.58,25,0.36,3,0,2026-04-07,0.3215376922290308
IN-DAR-DARJEELING__2026-04-08,West Bengal,Darjeeling,27.041,88.2663,64.0,322.0,24,980,0.24769230769230768,0.58,25,0.36,3,0,2026-04-08,0.3387323584323926
IN-DAR-DARJEELING__2026-04-09,West Bengal,Darjeeling,27.041,88.2663,70.0,364.0,24,980,0.28,0.58,25,0.36,3,1,2026-04-09,0.35600442549576405
IN-DAR-DARJEELING__2026-04-10,West Bengal,Darjeeling,27.041,88.2663,76.0,406.0,24,980,0.3123076923076923,0.58,25,0.36,3,1,2026-04-10,0.3733298724625903
IN-DEH-DEHRADUN__2026-04-01,Uttarakhand,Dehradun,30.3165,78.0322,16.0,16.0,18,640,0.012307692307692308,0.56,24,0.31,2,0,2026-04-01,0.2038804431788684
IN-DEH-DEHRADUN__2026-04-02,Uttarakhand,Dehradun,30.3165,78.0322,20.0,36.0,18,640,0.027692307692307693,0.56,24,0.31,2,0,2026-04-02,0.1956970709954962
IN-DEH-DEHRADUN__2026-04-03,Uttarakhand,Dehradun,30.3165,78.0322,24.0,60.0,18,640,0.046153846153846156,0.56,24,0.31,2,0,2026-04-03,0.2001154082138334
IN-DEH-DEHRADUN__2026-04-04,Uttarakhand,Dehradun,30.3165,78.0322,28.0,88.0,18,640,0.06769230769230769,0.56,24,0.31,2,0,2026-04-04,0.2085293942278194
IN-DEH-DEHRADUN__2026-04-05,Uttarakhand,Dehradun,30.3165,78.0322,32.0,120.0,18,640,0.09230769230769231,0.56,24,0.31,2,0,2026-04-05,0.21920165530008046
IN-DEH-DEHRADUN__2026-04-06,Uttarakhand,Dehradun,30.3165,78.0322,36.0,156.0,18,640,0.12,0.56,24,0.31,2,0,2026-04-06,0.23154477884320404
IN-DEH-DEHRADUN__2026-04-07,Uttarakhand,Dehradun,30.3165,78.0322,40.0,196.0,18,640,0.15076923076923077,0.56,24,0.31,2,0,2026-04-07,0.24530244974373205
IN-DEH-DEHRADUN__2026-04-08,Uttarakhand,Dehradun,30.3165,78.0322,44.0,224.0,18,640,0.1723076923076923,0.56,24,0.31,2,0,2026-04-08,0.25668304058146574
IN-DEH-DEHRADUN__2026-04-09,Uttarakhand,Dehradun,30.3165,78.0322,48.0,252.0,18,640,0.19384615384615383,0.56,24,0.31,2,0,2026-04-09,0.26813165863008387
IN-DEH-DEHRADUN__2026-04-10,Uttarakhand,Dehradun,30.3165,78.0322,52.0,280.0,18,640,0.2153846153846154,0.56,24,0.31,2,0,2026-04-10,0.27962789572632096
IN-DIM-DIMAHASAO__2026-04-01,Assam,Dima Hasao,25.2703,93.0176,28.0,28.0,27,686,0.021538461538461538,0.55,24,0.44,3,0,2026-04-01,0.2693867541906912
IN-DIM-DIMAHASAO__2026-04-02,Assam,Dima Hasao,25.2703,93.0176,35.0,63.0,27,686,0.04846153846153846,0.55,24,0.44,3,0,2026-04-02,0.2683991862031232
IN-DIM-DIMAHASAO__2026-04-03,Assam,Dima Hasao,25.2703,93.0176,42.0,105.0,27,686,0.08076923076923077,0.55,24,0.44,3,0,2026-04-03,0.28079794300188005
IN-DIM-DIMAHASAO__2026-04-04,Assam,Dima Hasao,25.2703,93.0176,49.0,154.0,27,686,0.11846153846153847,0.55,24,0.44,3,0,2026-04-04,0.297976963980901
IN-DIM-DIMAHASAO__2026-04-05,Assam,Dima Hasao,25.2703,93.0176,56.0,210.0,27,686,0.16153846153846155,0.55,24,0.44,3,0,2026-04-05,0.31819887540281244
IN-DIM-DIMAHASAO__2026-04-06,Assam,Dima Hasao,25.2703,93.0176,63.0,273.0,27,686,0.21,0.55,24,0.44,3,0,2026-04-06,0.3408762646802017
IN-DIM-DIMAHASAO__2026-04-07,Assam,Dima Hasao,25.2703,93.0176,70.0,343.0,27,686,0.26384615384615384,0.55,24,0.44,3,1,2026-04-07,0.36575281669961085
IN-DIM-DIMAHASAO__2026-04-08,Assam,Dima Hasao,25.2703,93.0176,77.0,392.0,27,686,0.30153846153846153,0.55,24,0.44,3,1,2026-04-08,0.3858984425023795
IN-DIM-DIMAHASAO__2026-04-09,Assam,Dima Hasao,25.2703,93.0176,84.0,441.0,27,686,0.3392307692307692,0.55,24,0.44,3,1,2026-04-09,0.4061120955160325
IN-DIM-DIMAHASAO__2026-04-10,Assam,Dima Hasao,25.2703,93.0176,91.0,490.0,27,686,0.3769230769230769,0.55,24,0.44,3,1,2026-04-10,0.42637336757730454
IN-DIN-DINDIGUL__2026-04-01,Tamil Nadu,Dindigul,10.3673,77.9803,50.0,50.0,27,1018,0.038461538461538464,0.49,24,0.48,4,0,2026-04-01,0.31267603341540345
IN-DIN-DINDIGUL__2026-04-02,Tamil Nadu,Dindigul,10.3673,77.9803,57.0,107.0,27,1018,0.0823076923076923,0.49,24,0.48,4,0,2026-04-02,0.3165285005744127
IN-DIN-DINDIGUL__2026-04-03,Tamil Nadu,Dindigul,10.3673,77.9803,68.0,175.0,27,1018,0.1346153846153846,0.49,24,0.48,4,0,2026-04-03,0.34054756188693197
IN-DIN-DINDIGUL__2026-04-04,Tamil Nadu,Dindigul,10.3673,77.9803,75.0,250.0,27,1018,0.19230769230769232,0.49,24,0.48,4,1,2026-04-04,0.36425645299582315
IN-DIN-DINDIGUL__2026-04-05,Tamil Nadu,Dindigul,10.3673,77.9803,82.0,332.0,27,1018,0.2553846153846154,0.49,24,0.48,4,1,2026-04-05,0.39121848855062974
IN-DIN-DINDIGUL__2026-04-06,Tamil Nadu,Dindigul,10.3673,77.9803,89.0,421.0,27,1018,0.32384615384615384,0.49,24,0.48,4,1,2026-04-06,0.4207083141987532
IN-DIN-DINDIGUL__2026-04-07,Tamil Nadu,Dindigul,10.3673,77.9803,96.0,517.0,27,1018,0.3976923076923077,0.49,24,0.48,4,1,2026-04-07,0.4524237792865537
IN-DIN-DINDIGUL__2026-04-08,Tamil Nadu,Dindigul,10.3673,77.9803,103.0,570.0,27,1018,0.43846153846153846,0.49,24,0.48,4,1,2026-04-08,0.47372228540902395
IN-DIN-DINDIGUL__2026-04-09,Tamil Nadu,Dindigul,10.3673,77.9803,110.0,623.0,27,1018,0.47923076923076924,0.49,24,0.48,4,1,2026-04-09,0.4950547176525148
IN-DIN-DINDIGUL__2026-04-10,Tamil Nadu,Dindigul,10.3673,77.9803,117.0,672.0,27,1018,0.5169230769230769,0.49,24,0.48,4,1,2026-04-10,0.5154081512975215
IN-EKH-EASTKHASIHILLS__2026-04-01,Meghalaya,East Khasi Hills,25.5788,91.8933,72.0,72.0,30,1496,0.055384615384615386,0.49,20,0.57,4,1,2026-04-01,0.3709964712452901
IN-EKH-EASTKHASIHILLS__2026-04-02,Meghalaya,East Khasi Hills,25.5788,91.8933,81.0,153.0,30,1496,0.1176923076923077,0.49,20,0.57,4,1,2026-04-02,0.38317573903632257
IN-EKH-EASTKHASIHILLS__2026-04-03,Meghalaya,East Khasi Hills,25.5788,91.8933,90.0,243.0,30,1496,0.18692307692307691,0.49,20,0.57,4,1,2026-04-03,0.41017072661954557
IN-EKH-EASTKHASIHILLS__2026-04-04,Meghalaya,East Khasi Hills,25.5788,91.8933,99.0,342.0,30,1496,0.2630769230769231,0.49,20,0.57,4,1,2026-04-04,0.44264534868364125
IN-EKH-EASTKHASIHILLS__2026-04-05,Meghalaya,East Khasi Hills,25.5788,91.8933,108.0,450.0,30,1496,0.34615384615384615,0.49,20,0.57,4,1,2026-04-05,0.4787307369795558
IN-EKH-EASTKHASIHILLS__2026-04-06,Meghalaya,East Khasi Hills,25.5788,91.8933,117.0,567.0,30,1496,0.43615384615384617,0.49,20,0.57,4,1,2026-04-06,0.517802887051706
IN-EKH-EASTKHASIHILLS__2026-04-07,Meghalaya,East Khasi Hills,25.5788,91.8933,129.0,696.0,30,1496,0.5353846153846153,0.49,20,0.57,4,1,2026-04-07,0.5637920825305566
IN-EKH-EASTKHASIHILLS__2026-04-08,Meghalaya,East Khasi Hills,25.5788,91.8933,138.0,762.0,30,1496,0.5861538461538461,0.49,20,0.57,4,1,2026-04-08,0.5907021041950176
IN-EKH-EASTKHASIHILLS__2026-04-09,Meghalaya,East Khasi Hills,25.5788,91.8933,147.0,828.0,30,1496,0.6369230769230769,0.49,20,0.57,4,1,2026-04-09,0.6176391792619113
IN-EKH-EASTKHASIHILLS__2026-04-10,Meghalaya,East Khasi Hills,25.5788,91.8933,156.0,894.0,30,1496,0.6876923076923077,0.49,20,0.57,4,1,2026-04-10,0.6445973160380812
IN-ERN-ERNAKULAM__2026-04-01,Kerala,Ernakulam,9.9816,76.2999,14.0,14.0,9,12,0.010769230769230769,0.66,29,0.26,2,0,2026-04-01,0.13974191477813525
IN-ERN-ERNAKULAM__2026-04-02,Kerala,Ernakulam,9.9816,76.2999,17.0,31.0,9,12,0.023846153846153847,0.66,29,0.26,2,0,2026-04-02,0.12939627976798412
IN-ERN-ERNAKULAM__2026-04-03,Kerala,Ernakulam,9.9816,76.2999,20.0,51.0,9,12,0.03923076923076923,0.66,29,0.26,2,0,2026-04-03,0.1316505669103168
IN-ERN-ERNAKULAM__2026-04-04,Kerala,Ernakulam,9.9816,76.2999,23.0,74.0,9,12,0.05692307692307692,0.66,29,0.26,2,0,2026-04-04,0.13768483672105722
IN-ERN-ERNAKULAM__2026-04-05,Kerala,Ernakulam,9.9816,76.2999,26.0,100.0,9,12,0.07692307692307693,0.66,29,0.26,2,0,2026-04-05,0.14572513156135203
IN-ERN-ERNAKULAM__2026-04-06,Kerala,Ernakulam,9.9816,76.2999,29.0,129.0,9,12,0.09923076923076923,0.66,29,0.26,2,0,2026-04-06,0.1551747222807102
IN-ERN-ERNAKULAM__2026-04-07,Kerala,Ernakulam,9.9816,76.2999,32.0,161.0,9,12,0.12384615384615384,0.66,29,0.26,2,0,2026-04-07,0.16577474281965895
IN-ERN-ERNAKULAM__2026-04-08,Kerala,Ernakulam,9.9816,76.2999,35.0,182.0,9,12,0.14,0.66,29,0.26,2,0,2026-04-08,0.17428177491799537
IN-ERN-ERNAKULAM__2026-04-09,Kerala,Ernakulam,9.9816,76.2999,38.0,203.0,9,12,0.15615384615384614,0.66,29,0.26,2,0,2026-04-09,0.1828421869197867
IN-ERN-ERNAKULAM__2026-04-10,Kerala,Ernakulam,9.9816,76.2999,41.0,224.0,9,12,0.1723076923076923,0.66,29,0.26,2,0,2026-04-10,0.1914409657271862
IN-GAN-GANGTOK__2026-04-01,Sikkim,Gangtok,27.3389,88.6065,70.0,70.0,42,1510,0.05384615384615385,0.4,19,0.61,4,1,2026-04-01,0.4290957381201475
IN-GAN-GANGTOK__2026-04-02,Sikkim,Gangtok,27.3389,88.6065,79.0,149.0,42,1510,0.11461538461538462,0.4,19,0.61,4,1,2026-04-02,0.440783512091143
IN-GAN-GANGTOK__2026-04-03,Sikkim,Gangtok,27.3389,88.6065,88.0,237.0,42,1510,0.1823076923076923,0.4,19,0.61,4,1,2026-04-03,0.46726134550853976
IN-GAN-GANGTOK__2026-04-04,Sikkim,Gangtok,27.3389,88.6065,97.0,334.0,42,1510,0.2569230769230769,0.4,19,0.61,4,1,2026-04-04,0.49921320388791274
IN-GAN-GANGTOK__2026-04-05,Sikkim,Gangtok,27.3389,88.6065,106.0,440.0,42,1510,0.3384615384615385,0.4,19,0.61,4,1,2026-04-05,0.5347740597984693
IN-GAN-GANGTOK__2026-04-06,Sikkim,Gangtok,27.3389,88.6065,115.0,555.0,42,1510,0.4269230769230769,0.4,19,0.61,4,1,2026-04-06,0.5733210893454987
IN-GAN-GANGTOK__2026-04-07,Sikkim,Gangtok,27.3389,88.6065,127.0,682.0,42,1510,0.5246153846153846,0.4,19,0.61,4,1,2026-04-07,0.6187877751154104
IN-GAN-GANGTOK__2026-04-08,Sikkim,Gangtok,27.3389,88.6065,136.0,748.0,42,1510,0.5753846153846154,0.4,19,0.61,4,1,2026-04-08,0.6456915423159518
IN-GAN-GANGTOK__2026-04-09,Sikkim,Gangtok,27.3389,88.6065,145.0,814.0,42,1510,0.6261538461538462,0.4,19,0.61,4,1,2026-04-09,0.6726238424482519
IN-GAN-GANGTOK__2026-04-10,Sikkim,Gangtok,27.3389,88.6065,154.0,880.0,42,1510,0.676923076923077,0.4,19,0.61,4,1,2026-04-10,0.6995782556026651
IN-HAR-HARIDWAR__2026-04-01,Uttarakhand,Haridwar,29.9457,78.1642,12.0,12.0,10,249,0.009230769230769232,0.61,29,0.18,2,0,2026-04-01,0.1438880882896631
IN-HAR-HARIDWAR__2026-04-02,Uttarakhand,Haridwar,29.9457,78.1642,12.0,24.0,10,249,0.018461538461538463,0.61,29,0.18,2,0,2026-04-02,0.1270265498281246
IN-HAR-HARIDWAR__2026-04-03,Uttarakhand,Haridwar,29.9457,78.1642,14.0,38.0,10,249,0.02923076923076923,0.61,29,0.18,2,0,2026-04-03,0.12760674857674442
IN-HAR-HARIDWAR__2026-04-04,Uttarakhand,Haridwar,29.9457,78.1642,17.0,55.0,10,249,0.04230769230769231,0.61,29,0.18,2,0,2026-04-04,0.13295242395399876
IN-HAR-HARIDWAR__2026-04-05,Uttarakhand,Haridwar,29.9457,78.1642,20.0,75.0,10,249,0.057692307692307696,0.61,29,0.18,2,0,2026-04-05,0.13975895076052558
IN-HAR-HARIDWAR__2026-04-06,Uttarakhand,Haridwar,29.9457,78.1642,23.0,98.0,10,249,0.07538461538461538,0.61,29,0.18,2,0,2026-04-06,0.1477681510840116
IN-HAR-HARIDWAR__2026-04-07,Uttarakhand,Haridwar,29.9457,78.1642,26.0,124.0,10,249,0.09538461538461539,0.61,29,0.18,2,0,2026-04-07,0.1568402200288916
IN-HAR-HARIDWAR__2026-04-08,Uttarakhand,Haridwar,29.9457,78.1642,29.0,141.0,10,249,0.10846153846153846,0.61,29,0.18,2,0,2026-04-08,0.1643989547281891
IN-HAR-HARIDWAR__2026-04-09,Uttarakhand,Haridwar,29.9457,78.1642,32.0,161.0,10,249,0.12384615384615384,0.61,29,0.18,2,0,2026-04-09,0.17262581143608188
IN-HAR-HARIDWAR__2026-04-10,Uttarakhand,Haridwar,29.9457,78.1642,35.0,182.0,10,249,0.14,0.61,29,0.18,2,0,2026-04-10,0.1811328435344183
IN-IDU-IDUKKI__2026-04-01,Kerala,Idukki,10.0889,77.0595,118.0,118.0,38,1240,0.09076923076923077,0.31,21,0.72,5,1,2026-04-01,0.4855554028648516
IN-IDU-IDUKKI__2026-04-02,Kerala,Idukki,10.0889,77.0595,129.0,247.0,38,1240,0.19,0.31,21,0.72,5,1,2026-04-02,0.5121845526624225
IN-IDU-IDUKKI__2026-04-03,Kerala,Idukki,10.0889,77.0595,140.0,387.0,38,1240,0.2976923076923077,0.31,21,0.72,5,1,2026-04-03,0.5543795332564239
IN-IDU-IDUKKI__2026-04-04,Kerala,Idukki,10.0889,77.0595,151.0,538.0,38,1240,0.41384615384615386,0.31,21,0.72,5,1,2026-04-04,0.602628322510262
IN-IDU-IDUKKI__2026-04-05,Kerala,Idukki,10.0889,77.0595,162.0,700.0,38,1240,0.5384615384615384,0.31,21,0.72,5,1,2026-04-05,0.655027930337379
IN-IDU-IDUKKI__2026-04-06,Kerala,Idukki,10.0889,77.0595,173.0,873.0,38,1240,0.6715384615384615,0.31,21,0.72,5,1,2026-04-06,0.7109436309025643
IN-IDU-IDUKKI__2026-04-07,Kerala,Idukki,10.0889,77.0595,187.0,1060.0,38,1240,0.8153846153846154,0.31,21,0.72,5,1,2026-04-07,0.7742539646803945
IN-IDU-IDUKKI__2026-04-08,Kerala,Idukki,10.0889,77.0595,198.0,1140.0,38,1240,0.8769230769230769,0.31,21,0.72,5,1,2026-04-08,0.8070678062509392
IN-IDU-IDUKKI__2026-04-09,Kerala,Idukki,10.0889,77.0595,209.0,1220.0,38,1240,0.9384615384615385,0.31,21,0.72,5,1,2026-04-09,0.839895973769357
IN-IDU-IDUKKI__2026-04-10,Kerala,Idukki,10.0889,77.0595,220.0,1300.0,38,1240,1.0,0.31,21,0.72,5,1,2026-04-10,0.8727358224452713
IN-KAL-KALIMPONG__2026-04-01,West Bengal,Kalimpong,27.0622,88.4753,41.0,41.0,28,1250,0.031538461538461536,0.51,24,0.49,4,0,2026-04-01,0.3086566488629481
IN-KAL-KALIMPONG__2026-04-02,West Bengal,Kalimpong,27.0622,88.4753,48.0,89.0,28,1250,0.06846153846153846,0.51,24,0.49,4,0,2026-04-02,0.3104198923610231
IN-KAL-KALIMPONG__2026-04-03,West Bengal,Kalimpong,27.0622,88.4753,59.0,148.0,28,1250,0.11384615384615385,0.51,24,0.49,4,0,2026-04-03,0.33222357382987305
IN-KAL-KALIMPONG__2026-04-04,West Bengal,Kalimpong,27.0622,88.4753,66.0,214.0,28,1250,0.1646153846153846,0.51,24,0.49,4,0,2026-04-04,0.35351197857996003
IN-KAL-KALIMPONG__2026-04-05,West Bengal,Kalimpong,27.0622,88.4753,73.0,287.0,28,1250,0.22076923076923077,0.51,24,0.49,4,1,2026-04-05,0.37807841733837505
IN-KAL-KALIMPONG__2026-04-06,West Bengal,Kalimpong,27.0622,88.4753,80.0,367.0,28,1250,0.2823076923076923,0.51,24,0.49,4,1,2026-04-06,0.40518298791898744
IN-KAL-KALIMPONG__2026-04-07,West Bengal,Kalimpong,27.0622,88.4753,87.0,454.0,28,1250,0.34923076923076923,0.51,24,0.49,4,1,2026-04-07,0.4345190498980363
IN-KAL-KALIMPONG__2026-04-08,West Bengal,Kalimpong,27.0622,88.4753,94.0,507.0,28,1250,0.39,0.51,24,0.49,4,1,2026-04-08,0.45576792732807275
IN-KAL-KALIMPONG__2026-04-09,West Bengal,Kalimpong,27.0622,88.4753,101.0,560.0,28,1250,0.4307692307692308,0.51,24,0.49,4,1,2026-04-09,0.47706394157024085
IN-KAL-KALIMPONG__2026-04-10,West Bengal,Kalimpong,27.0622,88.4753,108.0,609.0,28,1250,0.4684615384615385,0.51,24,0.49,4,1,2026-04-10,0.49739500016681665
IN-KAN-KANNUR__2026-04-01,Kerala,Kannur,11.8745,75.3704,12.0,12.0,12,10,0.009230769230769232,0.61,30,0.25,2,0,2026-04-01,0.15265479245164285
IN-KAN-KANNUR__2026-04-02,Kerala,Kannur,11.8745,75.3704,14.0,26.0,12,10,0.02,0.61,30,0.25,2,0,2026-04-02,0.14003661063346104
IN-KAN-KANNUR__2026-04-03,Kerala,Kannur,11.8745,75.3704,17.0,43.0,12,10,0.03307692307692308,0.61,30,0.25,2,0,2026-04-03,0.1420309837022527
IN-KAN-KANNUR__2026-04-04,Kerala,Kannur,11.8745,75.3704,20.0,63.0,12,10,0.04846153846153846,0.61,30,0.25,2,0,2026-04-04,0.14741893941578982
IN-KAN-KANNUR__2026-04-05,Kerala,Kannur,11.8745,75.3704,23.0,86.0,12,10,0.06615384615384616,0.61,30,0.25,2,0,2026-04-05,0.15470631302409366
IN-KAN-KANNUR__2026-04-06,Kerala,Kannur,11.8745,75.3704,26.0,112.0,12,10,0.08615384615384615,0.61,30,0.25,2,0,2026-04-06,0.1633670801639306
IN-KAN-KANNUR__2026-04-07,Kerala,Kannur,11.8745,75.3704,29.0,141.0,12,10,0.10846153846153846,0.61,30,0.25,2,0,2026-04-07,0.17316565889016886
IN-KAN-KANNUR__2026-04-08,Kerala,Kannur,11.8745,75.3704,32.0,161.0,12,10,0.12384615384615384,0.61,30,0.25,2,0,2026-04-08,0.18139251559806166
IN-KAN-KANNUR__2026-04-09,Kerala,Kannur,11.8745,75.3704,35.0,182.0,12,10,0.14,0.61,30,0.25,2,0,2026-04-09,0.18989954769639808
IN-KAN-KANNUR__2026-04-10,Kerala,Kannur,11.8745,75.3704,38.0,203.0,12,10,0.15615384615384614,0.61,30,0.25,2,0,2026-04-10,0.19845995969818941
IN-KAR-KARBIALONG__2026-04-01,Assam,Karbi Anglong,25.845,93.431,23.0,23.0,23,503,0.01769230769230769,0.58,27,0.39,3,0,2026-04-01,0.2362792970808719
IN-KAR-KARBIALONG__2026-04-02,Assam,Karbi Anglong,25.845,93.431,29.0,52.0,23,503,0.04,0.58,27,0.39,3,0,2026-04-02,0.23271705931863412
IN-KAR-KARBIALONG__2026-04-03,Assam,Karbi Anglong,25.845,93.431,35.0,87.0,23,503,0.06692307692307692,0.58,27,0.39,3,0,2026-04-03,0.24220062173323104
IN-KAR-KARBIALONG__2026-04-04,Assam,Karbi Anglong,25.845,93.431,41.0,128.0,23,503,0.09846153846153846,0.58,27,0.39,3,0,2026-04-04,0.256189699178774
IN-KAR-KARBIALONG__2026-04-05,Assam,Karbi Anglong,25.845,93.431,47.0,175.0,23,503,0.1346153846153846,0.58,27,0.39,3,0,2026-04-05,0.2729578185593934
IN-KAR-KARBIALONG__2026-04-06,Assam,Karbi Anglong,25.845,93.431,53.0,228.0,23,503,0.1753846153846154,0.58,27,0.39,3,0,2026-04-06,0.2919202000375643
IN-KAR-KARBIALONG__2026-04-07,Assam,Karbi Anglong,25.845,93.431,59.0,287.0,23,503,0.22076923076923077,0.58,27,0.39,3,0,2026-04-07,0.3128211747154324
IN-KAR-KARBIALONG__2026-04-08,Assam,Karbi Anglong,25.845,93.431,65.0,329.0,23,503,0.2530769230769231,0.58,27,0.39,3,0,2026-04-08,0.3300309836921329
IN-KAR-KARBIALONG__2026-04-09,Assam,Karbi Anglong,25.845,93.431,71.0,371.0,23,503,0.2853846153846154,0.58,27,0.39,3,1,2026-04-09,0.3473133045828039
IN-KAR-KARBIALONG__2026-04-10,Assam,Karbi Anglong,25.845,93.431,77.0,413.0,23,503,0.3176923076923077,0.58,27,0.39,3,1,2026-04-10,0.36464601510860684
IN-KAS-KASARAGOD__2026-04-01,Kerala,Kasaragod,12.4996,74.9869,12.0,12.0,14,26,0.009230769230769232,0.59,31,0.23,2,0,2026-04-01,0.1615411816529927
IN-KAS-KASARAGOD__2026-04-02,Kerala,Kasaragod,12.4996,74.9869,13.0,25.0,14,26,0.019230769230769232,0.59,31,0.23,2,0,2026-04-02,0.14683209074390177
IN-KAS-KASARAGOD__2026-04-03,Kerala,Kasaragod,12.4996,74.9869,16.0,41.0,14,26,0.031538461538461536,0.59,31,0.23,2,0,2026-04-03,0.1490991894988054
IN-KAS-KASARAGOD__2026-04-04,Kerala,Kasaragod,12.4996,74.9869,19.0,60.0,14,26,0.046153846153846156,0.59,31,0.23,2,0,2026-04-04,0.15439805810986912
IN-KAS-KASARAGOD__2026-04-05,Kerala,Kasaragod,12.4996,74.9869,22.0,82.0,14,26,0.06307692307692307,0.59,31,0.23,2,0,2026-04-05,0.16148967218684906
IN-KAS-KASARAGOD__2026-04-06,Kerala,Kasaragod,12.4996,74.9869,25.0,107.0,14,26,0.0823076923076923,0.59,31,0.23,2,0,2026-04-06,0.16991494807348806
IN-KAS-KASARAGOD__2026-04-07,Kerala,Kasaragod,12.4996,74.9869,28.0,135.0,14,26,0.10384615384615385,0.59,31,0.23,2,0,2026-04-07,0.17946125417306522
IN-KAS-KASARAGOD__2026-04-08,Kerala,Kasaragod,12.4996,74.9869,31.0,154.0,14,26,0.11846153846153847,0.59,31,0.23,2,0,2026-04-08,0.18745886397067502
IN-KAS-KASARAGOD__2026-04-09,Kerala,Kasaragod,12.4996,74.9869,34.0,175.0,14,26,0.1346153846153846,0.59,31,0.23,2,0,2026-04-09,0.1959433794551905
IN-KAS-KASARAGOD__2026-04-10,Kerala,Kasaragod,12.4996,74.9869,37.0,196.0,14,26,0.15076923076923077,0.59,31,0.23,2,0,2026-04-10,0.20448800625696015
IN-KIN-KINNAUR__2026-04-01,Himachal Pradesh,Kinnaur,31.58,78.23,69.0,69.0,37,2960,0.05307692307692308,0.41,12,0.56,4,1,2026-04-01,0.43065802622574273
IN-KIN-KINNAUR__2026-04-02,Himachal Pradesh,Kinnaur,31.58,78.23,76.0,145.0,37,2960,0.11153846153846154,0.41,12,0.56,4,1,2026-04-02,0.4391368301804088
IN-KIN-KINNAUR__2026-04-03,Himachal Pradesh,Kinnaur,31.58,78.23,83.0,228.0,37,2960,0.1753846153846154,0.41,12,0.56,4,1,2026-04-03,0.46207677239185735
IN-KIN-KINNAUR__2026-04-04,Himachal Pradesh,Kinnaur,31.58,78.23,90.0,318.0,37,2960,0.24461538461538462,0.41,12,0.56,4,1,2026-04-04,0.49001094877489176
IN-KIN-KINNAUR__2026-04-05,Himachal Pradesh,Kinnaur,31.58,78.23,97.0,415.0,37,2960,0.3192307692307692,0.41,12,0.56,4,1,2026-04-05,0.5210451860538664
IN-KIN-KINNAUR__2026-04-06,Himachal Pradesh,Kinnaur,31.58,78.23,104.0,519.0,37,2960,0.3992307692307692,0.41,12,0.56,4,1,2026-04-06,0.5545475663580575
IN-KIN-KINNAUR__2026-04-07,Himachal Pradesh,Kinnaur,31.58,78.23,114.0,633.0,37,2960,0.4869230769230769,0.41,12,0.56,4,1,2026-04-07,0.5944604190935385
IN-KIN-KINNAUR__2026-04-08,Himachal Pradesh,Kinnaur,31.58,78.23,121.0,685.0,37,2960,0.5269230769230769,0.41,12,0.56,4,1,2026-04-08,0.6155586846913648
IN-KIN-KINNAUR__2026-04-09,Himachal Pradesh,Kinnaur,31.58,78.23,128.0,737.0,37,2960,0.566923076923077,0.41,12,0.56,4,1,2026-04-09,0.6366764376650497
IN-KIN-KINNAUR__2026-04-10,Himachal Pradesh,Kinnaur,31.58,78.23,135.0,789.0,37,2960,0.6069230769230769,0.41,12,0.56,4,1,2026-04-10,0.6578098249973134
IN-KOD-KODAGU__2026-04-01,Karnataka,Kodagu,12.3375,75.8069,88.0,88.0,35,1170,0.06769230769230769,0.39,22,0.64,5,1,2026-04-01,0.4195468806783767
IN-KOD-KODAGU__2026-04-02,Karnataka,Kodagu,12.3375,75.8069,97.0,185.0,35,1170,0.1423076923076923,0.39,22,0.64,5,1,2026-04-02,0.4357072662387623
IN-KOD-KODAGU__2026-04-03,Karnataka,Kodagu,12.3375,75.8069,106.0,291.0,35,1170,0.22384615384615383,0.39,22,0.64,5,1,2026-04-03,0.46684599874244326
IN-KOD-KODAGU__2026-04-04,Karnataka,Kodagu,12.3375,75.8069,115.0,406.0,35,1170,0.3123076923076923,0.39,22,0.64,5,1,2026-04-04,0.5035007061632367
IN-KOD-KODAGU__2026-04-05,Karnataka,Kodagu,12.3375,75.8069,124.0,530.0,35,1170,0.4076923076923077,0.39,22,0.64,5,1,2026-04-05,0.5437780985171419
IN-KOD-KODAGU__2026-04-06,Karnataka,Kodagu,12.3375,75.8069,133.0,663.0,35,1170,0.51,0.39,22,0.64,5,1,2026-04-06,0.5870465378839164
IN-KOD-KODAGU__2026-04-07,Karnataka,Kodagu,12.3375,75.8069,145.0,808.0,35,1170,0.6215384615384615,0.39,22,0.64,5,1,2026-04-07,0.6372146089896694
IN-KOD-KODAGU__2026-04-08,Karnataka,Kodagu,12.3375,75.8069,154.0,874.0,35,1170,0.6723076923076923,0.39,22,0.64,5,1,2026-04-08,0.6641641663675159
IN-KOD-KODAGU__2026-04-09,Karnataka,Kodagu,12.3375,75.8069,163.0,940.0,35,1170,0.7230769230769231,0.39,22,0.64,5,1,2026-04-09,0.6911320019400937
IN-KOD-KODAGU__2026-04-10,Karnataka,Kodagu,12.3375,75.8069,172.0,1006.0,35,1170,0.7738461538461539,0.39,22,0.64,5,1,2026-04-10,0.7181145182098313
IN-KOH-KOHIMA__2026-04-01,Nagaland,Kohima,25.6751,94.1086,25.0,25.0,26,1444,0.019230769230769232,0.52,20,0.4,3,0,2026-04-01,0.2752649570901539
IN-KOH-KOHIMA__2026-04-02,Nagaland,Kohima,25.6751,94.1086,31.0,56.0,26,1444,0.043076923076923075,0.52,20,0.4,3,0,2026-04-02,0.27206096108615796
IN-KOH-KOHIMA__2026-04-03,Nagaland,Kohima,25.6751,94.1086,37.0,93.0,26,1444,0.07153846153846154,0.52,20,0.4,3,0,2026-04-03,0.2820544600603021
IN-KOH-KOHIMA__2026-04-04,Nagaland,Kohima,25.6751,94.1086,43.0,136.0,26,1444,0.10461538461538461,0.52,20,0.4,3,0,2026-04-04,0.2965791487808162
IN-KOH-KOHIMA__2026-04-05,Nagaland,Kohima,25.6751,94.1086,49.0,185.0,26,1444,0.1423076923076923,0.52,20,0.4,3,0,2026-04-05,0.3138875237127206
IN-KOH-KOHIMA__2026-04-06,Nagaland,Kohima,25.6751,94.1086,55.0,240.0,26,1444,0.18461538461538463,0.52,20,0.4,3,0,2026-04-06,0.3333896657148626
IN-KOH-KOHIMA__2026-04-07,Nagaland,Kohima,25.6751,94.1086,61.0,301.0,26,1444,0.23153846153846153,0.52,20,0.4,3,0,2026-04-07,0.35482861203985544
IN-KOH-KOHIMA__2026-04-08,Nagaland,Kohima,25.6751,94.1086,67.0,343.0,26,1444,0.26384615384615384,0.52,20,0.4,3,0,2026-04-08,0.37206578075628377
IN-KOH-KOHIMA__2026-04-09,Nagaland,Kohima,25.6751,94.1086,73.0,385.0,26,1444,0.29615384615384616,0.52,20,0.4,3,1,2026-04-09,0.3893668551920521
IN-KOH-KOHIMA__2026-04-10,Nagaland,Kohima,25.6751,94.1086,79.0,427.0,26,1444,0.32846153846153847,0.52,20,0.4,3,1,2026-04-10,0.40671297792178135
IN-KOL-KOLASIB__2026-04-01,Mizoram,Kolasib,24.2239,92.6787,44.0,44.0,25,636,0.033846153846153845,0.5,25,0.46,3,0,2026-04-01,0.28637023448991955
IN-KOL-KOLASIB__2026-04-02,Mizoram,Kolasib,24.2239,92.6787,51.0,95.0,25,636,0.07307692307692308,0.5,25,0.46,3,0,2026-04-02,0.288818743875271
IN-KOL-KOLASIB__2026-04-03,Mizoram,Kolasib,24.2239,92.6787,62.0,157.0,25,636,0.12076923076923077,0.5,25,0.46,3,0,2026-04-03,0.3113566226240783
IN-KOL-KOLASIB__2026-04-04,Mizoram,Kolasib,24.2239,92.6787,69.0,226.0,25,636,0.17384615384615384,0.5,25,0.46,3,0,2026-04-04,0.33345535114317776
IN-KOL-KOLASIB__2026-04-05,Mizoram,Kolasib,24.2239,92.6787,76.0,302.0,25,636,0.2323076923076923,0.5,25,0.46,3,1,2026-04-05,0.3588224736414965
IN-KOL-KOLASIB__2026-04-06,Mizoram,Kolasib,24.2239,92.6787,83.0,385.0,25,636,0.29615384615384616,0.5,25,0.46,3,1,2026-04-06,0.3867236810433661
IN-KOL-KOLASIB__2026-04-07,Mizoram,Kolasib,24.2239,92.6787,90.0,475.0,25,636,0.36538461538461536,0.5,25,0.46,3,1,2026-04-07,0.4168540769632357
IN-KOL-KOLASIB__2026-04-08,Mizoram,Kolasib,24.2239,92.6787,97.0,528.0,25,636,0.40615384615384614,0.5,25,0.46,3,1,2026-04-08,0.43812151654120157
IN-KOL-KOLASIB__2026-04-09,Mizoram,Kolasib,24.2239,92.6787,104.0,581.0,25,636,0.4469230769230769,0.5,25,0.46,3,1,2026-04-09,0.45943100263743464
IN-KOL-KOLASIB__2026-04-10,Mizoram,Kolasib,24.2239,92.6787,111.0,630.0,25,636,0.4846153846153846,0.5,25,0.46,3,1,2026-04-10,0.47977030108998614
IN-KOL-KOLLAM__2026-04-01,Kerala,Kollam,8.8932,76.6141,18.0,18.0,14,71,0.013846153846153847,0.59,30,0.3,2,0,2026-04-01,0.17544169373933155
IN-KOL-KOLLAM__2026-04-02,Kerala,Kollam,8.8932,76.6141,22.0,40.0,14,71,0.03076923076923077,0.59,30,0.3,2,0,2026-04-02,0.16755917625681405
IN-KOL-KOLLAM__2026-04-03,Kerala,Kollam,8.8932,76.6141,26.0,66.0,14,71,0.05076923076923077,0.59,30,0.3,2,0,2026-04-03,0.17248038837802615
IN-KOL-KOLLAM__2026-04-04,Kerala,Kollam,8.8932,76.6141,30.0,96.0,14,71,0.07384615384615385,0.59,30,0.3,2,0,2026-04-04,0.18143260283024062
IN-KOL-KOLLAM__2026-04-05,Kerala,Kollam,8.8932,76.6141,34.0,130.0,14,71,0.1,0.59,30,0.3,2,0,2026-04-05,0.19265008534772315
IN-KOL-KOLLAM__2026-04-06,Kerala,Kollam,8.8932,76.6141,38.0,168.0,14,71,0.12923076923076923,0.59,30,0.3,2,0,2026-04-06,0.20553826383590165
IN-KOL-KOLLAM__2026-04-07,Kerala,Kollam,8.8932,76.6141,42.0,210.0,14,71,0.16153846153846155,0.59,30,0.3,2,0,2026-04-07,0.21983889653653435
IN-KOL-KOLLAM__2026-04-08,Kerala,Kollam,8.8932,76.6141,46.0,238.0,14,71,0.18307692307692308,0.59,30,0.3,2,0,2026-04-08,0.2312567022602224
IN-KOL-KOLLAM__2026-04-09,Kerala,Kollam,8.8932,76.6141,50.0,266.0,14,71,0.20461538461538462,0.59,30,0.3,2,0,2026-04-09,0.2427311201024421
IN-KOL-KOLLAM__2026-04-10,Kerala,Kollam,8.8932,76.6141,54.0,294.0,14,71,0.22615384615384615,0.59,30,0.3,2,0,2026-04-10,0.2542459751721844
IN-KOT-KOTTAYAM__2026-04-01,Kerala,Kottayam,9.5916,76.5222,22.0,22.0,16,72,0.016923076923076923,0.58,28,0.33,3,0,2026-04-01,0.1922425975599204
IN-KOT-KOTTAYAM__2026-04-02,Kerala,Kottayam,9.5916,76.5222,26.0,48.0,16,72,0.036923076923076927,0.58,28,0.33,3,0,2026-04-02,0.18507290059022344
IN-KOT-KOTTAYAM__2026-04-03,Kerala,Kottayam,9.5916,76.5222,30.0,78.0,16,72,0.06,0.58,28,0.33,3,0,2026-04-03,0.19100063951796237
IN-KOT-KOTTAYAM__2026-04-04,Kerala,Kottayam,9.5916,76.5222,34.0,112.0,16,72,0.08615384615384615,0.58,28,0.33,3,0,2026-04-04,0.20101482533214818
IN-KOT-KOTTAYAM__2026-04-05,Kerala,Kottayam,9.5916,76.5222,38.0,150.0,16,72,0.11538461538461539,0.58,28,0.33,3,0,2026-04-05,0.21330739942472224
IN-KOT-KOTTAYAM__2026-04-06,Kerala,Kottayam,9.5916,76.5222,42.0,192.0,16,72,0.1476923076923077,0.58,28,0.33,3,0,2026-04-06,0.2272723178396407
IN-KOT-KOTTAYAM__2026-04-07,Kerala,Kottayam,9.5916,76.5222,46.0,238.0,16,72,0.18307692307692308,0.58,28,0.33,3,0,2026-04-07,0.24264781587102105
IN-KOT-KOTTAYAM__2026-04-08,Kerala,Kottayam,9.5916,76.5222,50.0,266.0,16,72,0.20461538461538462,0.58,28,0.33,3,0,2026-04-08,0.2541222337132407
IN-KOT-KOTTAYAM__2026-04-09,Kerala,Kottayam,9.5916,76.5222,54.0,294.0,16,72,0.22615384615384615,0.58,28,0.33,3,0,2026-04-09,0.26563708878298303
IN-KOT-KOTTAYAM__2026-04-10,Kerala,Kottayam,9.5916,76.5222,58.0,322.0,16,72,0.24769230769230768,0.58,28,0.33,3,0,2026-04-10,0.27718183223828546
IN-KOZ-KOZHIKODE__2026-04-01,Kerala,Kozhikode,11.2588,75.7804,13.0,13.0,10,11,0.01,0.65,30,0.27,2,0,2026-04-01,0.1440554964720319
IN-KOZ-KOZHIKODE__2026-04-02,Kerala,Kozhikode,11.2588,75.7804,16.0,29.0,10,11,0.022307692307692306,0.65,30,0.27,2,0,2026-04-02,0.13358180464661593
IN-KOZ-KOZHIKODE__2026-04-03,Kerala,Kozhikode,11.2588,75.7804,19.0,48.0,10,11,0.036923076923076927,0.65,30,0.27,2,0,2026-04-03,0.13558813050466592
IN-KOZ-KOZHIKODE__2026-04-04,Kerala,Kozhikode,11.2588,75.7804,22.0,70.0,10,11,0.05384615384615385,0.65,30,0.27,2,0,2026-04-04,0.14135279916933458
IN-KOZ-KOZHIKODE__2026-04-05,Kerala,Kozhikode,11.2588,75.7804,25.0,95.0,10,11,0.07307692307692308,0.65,30,0.27,2,0,2026-04-05,0.14911887519856853
IN-KOZ-KOZHIKODE__2026-04-06,Kerala,Kozhikode,11.2588,75.7804,28.0,123.0,10,11,0.09461538461538462,0.65,30,0.27,2,0,2026-04-06,0.1582940546618096
IN-KOZ-KOZHIKODE__2026-04-07,Kerala,Kozhikode,11.2588,75.7804,31.0,154.0,10,11,0.11846153846153847,0.65,30,0.27,2,0,2026-04-07,0.16862073123726665
IN-KOZ-KOZHIKODE__2026-04-08,Kerala,Kozhikode,11.2588,75.7804,34.0,175.0,10,11,0.1346153846153846,0.65,30,0.27,2,0,2026-04-08,0.17710524672178216
IN-KOZ-KOZHIKODE__2026-04-09,Kerala,Kozhikode,11.2588,75.7804,37.0,196.0,10,11,0.15076923076923077,0.65,30,0.27,2,0,2026-04-09,0.1856498735235518
IN-KOZ-KOZHIKODE__2026-04-10,Kerala,Kozhikode,11.2588,75.7804,40.0,217.0,10,11,0.16692307692307692,0.65,30,0.27,2,0,2026-04-10,0.1942371599698244
IN-KUL-KULLU__2026-04-01,Himachal Pradesh,Kullu,31.9579,77.1095,54.0,54.0,34,1279,0.04153846153846154,0.45,15,0.52,4,0,2026-04-01,0.35882361890078424
IN-KUL-KULLU__2026-04-02,Himachal Pradesh,Kullu,31.9579,77.1095,63.0,117.0,34,1279,0.09,0.45,15,0.52,4,0,2026-04-02,0.3666571853343507
IN-KUL-KULLU__2026-04-03,Himachal Pradesh,Kullu,31.9579,77.1095,76.0,193.0,34,1279,0.14846153846153845,0.45,15,0.52,4,1,2026-04-03,0.394928760391418
IN-KUL-KULLU__2026-04-04,Himachal Pradesh,Kullu,31.9579,77.1095,85.0,278.0,34,1279,0.21384615384615385,0.45,15,0.52,4,1,2026-04-04,0.4234566319309196
IN-KUL-KULLU__2026-04-05,Himachal Pradesh,Kullu,31.9579,77.1095,94.0,372.0,34,1279,0.28615384615384615,0.45,15,0.52,4,1,2026-04-05,0.4557367401880992
IN-KUL-KULLU__2026-04-06,Himachal Pradesh,Kullu,31.9579,77.1095,103.0,475.0,34,1279,0.36538461538461536,0.45,15,0.52,4,1,2026-04-06,0.49105954087354836
IN-KUL-KULLU__2026-04-07,Himachal Pradesh,Kullu,31.9579,77.1095,112.0,587.0,34,1279,0.45153846153846156,0.45,15,0.52,4,1,2026-04-07,0.5291283734307517
IN-KUL-KULLU__2026-04-08,Himachal Pradesh,Kullu,31.9579,77.1095,121.0,654.0,34,1279,0.5030769230769231,0.45,15,0.52,4,1,2026-04-08,0.5562382165355654
IN-KUL-KULLU__2026-04-09,Himachal Pradesh,Kullu,31.9579,77.1095,130.0,721.0,34,1279,0.5546153846153846,0.45,15,0.52,4,1,2026-04-09,0.5833910689264867
IN-KUL-KULLU__2026-04-10,Himachal Pradesh,Kullu,31.9579,77.1095,139.0,784.0,34,1279,0.6030769230769231,0.45,15,0.52,4,1,2026-04-10,0.6095658052858277
IN-LUN-LUNGLEI__2026-04-01,Mizoram,Lunglei,22.8671,92.765,78.0,78.0,32,1222,0.06,0.43,24,0.58,4,1,2026-04-01,0.38718888434400245
IN-LUN-LUNGLEI__2026-04-02,Mizoram,Lunglei,22.8671,92.765,87.0,165.0,32,1222,0.12692307692307692,0.43,24,0.58,4,1,2026-04-02,0.4008518214069395
IN-LUN-LUNGLEI__2026-04-03,Mizoram,Lunglei,22.8671,92.765,96.0,261.0,32,1222,0.20076923076923076,0.43,24,0.58,4,1,2026-04-03,0.4293994301200655
IN-LUN-LUNGLEI__2026-04-04,Mizoram,Lunglei,22.8671,92.765,105.0,366.0,32,1222,0.2815384615384615,0.43,24,0.58,4,1,2026-04-04,0.4634419165576904
IN-LUN-LUNGLEI__2026-04-05,Mizoram,Lunglei,22.8671,92.765,114.0,480.0,32,1222,0.36923076923076925,0.43,24,0.58,4,1,2026-04-05,0.5011000731551912
IN-LUN-LUNGLEI__2026-04-06,Mizoram,Lunglei,22.8671,92.765,123.0,603.0,32,1222,0.46384615384615385,0.43,24,0.58,4,1,2026-04-06,0.5417466897227033
IN-LUN-LUNGLEI__2026-04-07,Mizoram,Lunglei,22.8671,92.765,135.0,738.0,32,1222,0.5676923076923077,0.43,24,0.58,4,1,2026-04-07,0.589303160311937
IN-LUN-LUNGLEI__2026-04-08,Mizoram,Lunglei,22.8671,92.765,144.0,804.0,32,1222,0.6184615384615385,0.43,24,0.58,4,1,2026-04-08,0.6162299865254032
IN-LUN-LUNGLEI__2026-04-09,Mizoram,Lunglei,22.8671,92.765,153.0,870.0,32,1222,0.6692307692307692,0.43,24,0.58,4,1,2026-04-09,0.6431800104592665
IN-LUN-LUNGLEI__2026-04-10,Mizoram,Lunglei,22.8671,92.765,162.0,936.0,32,1222,0.72,0.43,24,0.58,4,1,2026-04-10,0.6701483249034429
IN-MAL-MALAPPURAM__2026-04-01,Kerala,Malappuram,11.0732,76.074,31.0,31.0,17,54,0.023846153846153847,0.57,28,0.35,3,0,2026-04-01,0.21044600910900124
IN-MAL-MALAPPURAM__2026-04-02,Kerala,Malappuram,11.0732,76.074,36.0,67.0,17,54,0.05153846153846154,0.57,28,0.35,3,0,2026-04-02,0.20680847649236414
IN-MAL-MALAPPURAM__2026-04-03,Kerala,Malappuram,11.0732,76.074,45.0,112.0,17,54,0.08615384615384615,0.57,28,0.35,3,0,2026-04-03,0.2229747803377725
IN-MAL-MALAPPURAM__2026-04-04,Kerala,Malappuram,11.0732,76.074,50.0,162.0,17,54,0.12461538461538461,0.57,28,0.35,3,0,2026-04-04,0.23778049931015813
IN-MAL-MALAPPURAM__2026-04-05,Kerala,Malappuram,11.0732,76.074,55.0,217.0,17,54,0.16692307692307692,0.57,28,0.35,3,0,2026-04-05,0.25541222998489954
IN-MAL-MALAPPURAM__2026-04-06,Kerala,Malappuram,11.0732,76.074,60.0,277.0,17,54,0.21307692307692308,0.57,28,0.35,3,0,2026-04-06,0.2750850942116243
IN-MAL-MALAPPURAM__2026-04-07,Kerala,Malappuram,11.0732,76.074,65.0,342.0,17,54,0.2630769230769231,0.57,28,0.35,3,0,2026-04-07,0.29647771891965846
IN-MAL-MALAPPURAM__2026-04-08,Kerala,Malappuram,11.0732,76.074,70.0,381.0,17,54,0.29307692307692307,0.57,28,0.35,3,0,2026-04-08,0.3118790065577467
IN-MAL-MALAPPURAM__2026-04-09,Kerala,Malappuram,11.0732,76.074,75.0,420.0,17,54,0.3230769230769231,0.57,28,0.35,3,0,2026-04-09,0.3273273277903199
IN-MAL-MALAPPURAM__2026-04-10,Kerala,Malappuram,11.0732,76.074,80.0,455.0,17,54,0.35,0.57,28,0.35,3,0,2026-04-10,0.34182582928882144
IN-MAN-MANDI__2026-04-01,Himachal Pradesh,Mandi,31.7081,76.9315,42.0,42.0,26,1044,0.03230769230769231,0.5,18,0.46,3,0,2026-04-01,0.29598254973373084
IN-MAN-MANDI__2026-04-02,Himachal Pradesh,Mandi,31.7081,76.9315,49.0,91.0,26,1044,0.07,0.5,18,0.46,3,0,2026-04-02,0.29797275952394064
IN-MAN-MANDI__2026-04-03,Himachal Pradesh,Mandi,31.7081,76.9315,60.0,151.0,26,1044,0.11615384615384615,0.5,18,0.46,3,0,2026-04-03,0.32002064541288616
IN-MAN-MANDI__2026-04-04,Himachal Pradesh,Mandi,31.7081,76.9315,67.0,218.0,26,1044,0.1676923076923077,0.5,18,0.46,3,0,2026-04-04,0.3415796242188787
IN-MAN-MANDI__2026-04-05,Himachal Pradesh,Mandi,31.7081,76.9315,74.0,292.0,26,1044,0.2246153846153846,0.5,18,0.46,3,1,2026-04-05,0.36641324232880707
IN-MAN-MANDI__2026-04-06,Himachal Pradesh,Mandi,31.7081,76.9315,81.0,373.0,26,1044,0.28692307692307695,0.5,18,0.46,3,1,2026-04-06,0.39378356212616417
IN-MAN-MANDI__2026-04-07,Himachal Pradesh,Mandi,31.7081,76.9315,88.0,461.0,26,1044,0.3546153846153846,0.5,18,0.46,3,1,2026-04-07,0.4233845581374746
IN-MAN-MANDI__2026-04-08,Himachal Pradesh,Mandi,31.7081,76.9315,95.0,514.0,26,1044,0.3953846153846154,0.5,18,0.46,3,1,2026-04-08,0.44463988150701594
IN-MAN-MANDI__2026-04-09,Himachal Pradesh,Mandi,31.7081,76.9315,102.0,567.0,26,1044,0.43615384615384617,0.5,18,0.46,3,1,2026-04-09,0.4659405546917359
IN-MAN-MANDI__2026-04-10,Himachal Pradesh,Mandi,31.7081,76.9315,109.0,616.0,26,1044,0.47384615384615386,0.5,18,0.46,3,1,2026-04-10,0.486274457825639
IN-MAN-MANGAN__2026-04-01,Sikkim,Mangan,27.5167,88.5333,63.0,63.0,36,1400,0.04846153846153846,0.45,18,0.59,4,0,2026-04-01,0.3868489652080203
IN-MAN-MANGAN__2026-04-02,Sikkim,Mangan,27.5167,88.5333,71.0,134.0,36,1400,0.10307692307692308,0.45,18,0.59,4,1,2026-04-02,0.39533949855527006
IN-MAN-MANGAN__2026-04-03,Sikkim,Mangan,27.5167,88.5333,79.0,213.0,36,1400,0.16384615384615384,0.45,18,0.59,4,1,2026-04-03,0.4183699606445087
IN-MAN-MANGAN__2026-04-04,Sikkim,Mangan,27.5167,88.5333,87.0,300.0,36,1400,0.23076923076923078,0.45,18,0.59,4,1,2026-04-04,0.44661539877445383
IN-MAN-MANGAN__2026-04-05,Sikkim,Mangan,27.5167,88.5333,95.0,395.0,36,1400,0.3038461538461538,0.45,18,0.59,4,1,2026-04-05,0.47820907851243744
IN-MAN-MANGAN__2026-04-06,Sikkim,Mangan,27.5167,88.5333,103.0,498.0,36,1400,0.3830769230769231,0.45,18,0.59,4,1,2026-04-06,0.5125276519830927
IN-MAN-MANGAN__2026-04-07,Sikkim,Mangan,27.5167,88.5333,114.0,612.0,36,1400,0.4707692307692308,0.45,18,0.59,4,1,2026-04-07,0.5535209246211562
IN-MAN-MANGAN__2026-04-08,Sikkim,Mangan,27.5167,88.5333,122.0,671.0,36,1400,0.5161538461538462,0.45,18,0.59,4,1,2026-04-08,0.5775007134597687
IN-MAN-MANGAN__2026-04-09,Sikkim,Mangan,27.5167,88.5333,130.0,730.0,36,1400,0.5615384615384615,0.45,18,0.59,4,1,2026-04-09,0.6015093158163161
IN-MAN-MANGAN__2026-04-10,Sikkim,Mangan,27.5167,88.5333,138.0,789.0,36,1400,0.6069230769230769,0.45,18,0.59,4,1,2026-04-10,0.6255402678217563
IN-NAI-NAINITAL__2026-04-01,Uttarakhand,Nainital,29.3919,79.4542,32.0,32.0,28,2084,0.024615384615384615,0.48,17,0.47,4,0,2026-04-01,0.31360194372556577
IN-NAI-NAINITAL__2026-04-02,Uttarakhand,Nainital,29.3919,79.4542,38.0,70.0,28,2084,0.05384615384615385,0.48,17,0.47,4,0,2026-04-02,0.31180014552376756
IN-NAI-NAINITAL__2026-04-03,Uttarakhand,Nainital,29.3919,79.4542,44.0,114.0,28,2084,0.0876923076923077,0.48,17,0.47,4,0,2026-04-03,0.32357760315385675
IN-NAI-NAINITAL__2026-04-04,Uttarakhand,Nainital,29.3919,79.4542,50.0,164.0,28,2084,0.12615384615384614,0.48,17,0.47,4,0,2026-04-04,0.3399565062362258
IN-NAI-NAINITAL__2026-04-05,Uttarakhand,Nainital,29.3919,79.4542,56.0,220.0,28,2084,0.16923076923076924,0.48,17,0.47,4,0,2026-04-05,0.35913481085843285
IN-NAI-NAINITAL__2026-04-06,Uttarakhand,Nainital,29.3919,79.4542,62.0,282.0,28,2084,0.2169230769230769,0.48,17,0.47,4,0,2026-04-06,0.38050815807858857
IN-NAI-NAINITAL__2026-04-07,Uttarakhand,Nainital,29.3919,79.4542,68.0,350.0,28,2084,0.2692307692307692,0.48,17,0.47,4,1,2026-04-07,0.4038153303389524
IN-NAI-NAINITAL__2026-04-08,Uttarakhand,Nainital,29.3919,79.4542,74.0,392.0,28,2084,0.30153846153846153,0.48,17,0.47,4,1,2026-04-08,0.42112499210575693
IN-NAI-NAINITAL__2026-04-09,Uttarakhand,Nainital,29.3919,79.4542,80.0,434.0,28,2084,0.33384615384615385,0.48,17,0.47,4,1,2026-04-09,0.43847731351706454
IN-NAI-NAINITAL__2026-04-10,Uttarakhand,Nainital,29.3919,79.4542,86.0,476.0,28,2084,0.36615384615384616,0.48,17,0.47,4,1,2026-04-10,0.4558610023140361
IN-NAM-NAMCHI__2026-04-01,Sikkim,Namchi,27.1642,88.3639,54.0,54.0,34,1675,0.04153846153846154,0.47,20,0.57,4,0,2026-04-01,0.36871889449133544
IN-NAM-NAMCHI__2026-04-02,Sikkim,Namchi,27.1642,88.3639,62.0,116.0,34,1675,0.08923076923076922,0.47,20,0.57,4,0,2026-04-02,0.3750408621788204
IN-NAM-NAMCHI__2026-04-03,Sikkim,Namchi,27.1642,88.3639,74.0,190.0,34,1675,0.14615384615384616,0.47,20,0.57,4,1,2026-04-03,0.40168525444716907
IN-NAM-NAMCHI__2026-04-04,Sikkim,Namchi,27.1642,88.3639,82.0,272.0,34,1675,0.20923076923076922,0.47,20,0.57,4,1,2026-04-04,0.42833855718158637
IN-NAM-NAMCHI__2026-04-05,Sikkim,Namchi,27.1642,88.3639,90.0,362.0,34,1675,0.2784615384615385,0.47,20,0.57,4,1,2026-04-05,0.45849021929912437
IN-NAM-NAMCHI__2026-04-06,Sikkim,Namchi,27.1642,88.3639,98.0,460.0,34,1675,0.35384615384615387,0.47,20,0.57,4,1,2026-04-06,0.4914252490063856
IN-NAM-NAMCHI__2026-04-07,Sikkim,Namchi,27.1642,88.3639,106.0,566.0,34,1675,0.43538461538461537,0.47,20,0.57,4,1,2026-04-07,0.5268450256040389
IN-NAM-NAMCHI__2026-04-08,Sikkim,Namchi,27.1642,88.3639,114.0,626.0,34,1675,0.4815384615384615,0.47,20,0.57,4,1,2026-04-08,0.5510577849938042
IN-NAM-NAMCHI__2026-04-09,Sikkim,Namchi,27.1642,88.3639,122.0,686.0,34,1675,0.5276923076923077,0.47,20,0.57,4,1,2026-04-09,0.575306722989368
IN-NAM-NAMCHI__2026-04-10,Sikkim,Namchi,27.1642,88.3639,130.0,742.0,34,1675,0.5707692307692308,0.47,20,0.57,4,1,2026-04-10,0.5985745331922572
IN-NGO-NORTHGOA__2026-04-01,Goa,North Goa,15.4909,73.8278,22.0,22.0,18,250,0.016923076923076923,0.6,29,0.36,3,0,2026-04-01,0.205017963139223
IN-NGO-NORTHGOA__2026-04-02,Goa,North Goa,15.4909,73.8278,26.0,48.0,18,250,0.036923076923076927,0.6,29,0.36,3,0,2026-04-02,0.19784826616952603
IN-NGO-NORTHGOA__2026-04-03,Goa,North Goa,15.4909,73.8278,30.0,78.0,18,250,0.06,0.6,29,0.36,3,0,2026-04-03,0.20377600509726493
IN-NGO-NORTHGOA__2026-04-04,Goa,North Goa,15.4909,73.8278,34.0,112.0,18,250,0.08615384615384615,0.6,29,0.36,3,0,2026-04-04,0.21379019091145074
IN-NGO-NORTHGOA__2026-04-05,Goa,North Goa,15.4909,73.8278,38.0,150.0,18,250,0.11538461538461539,0.6,29,0.36,3,0,2026-04-05,0.22608276500402483
IN-NGO-NORTHGOA__2026-04-06,Goa,North Goa,15.4909,73.8278,42.0,192.0,18,250,0.1476923076923077,0.6,29,0.36,3,0,2026-04-06,0.24004768341894328
IN-NGO-NORTHGOA__2026-04-07,Goa,North Goa,15.4909,73.8278,46.0,238.0,18,250,0.18307692307692308,0.6,29,0.36,3,0,2026-04-07,0.25542318145032367
IN-NGO-NORTHGOA__2026-04-08,Goa,North Goa,15.4909,73.8278,50.0,266.0,18,250,0.20461538461538462,0.6,29,0.36,3,0,2026-04-08,0.2668975992925433
IN-NGO-NORTHGOA__2026-04-09,Goa,North Goa,15.4909,73.8278,54.0,294.0,18,250,0.22615384615384615,0.6,29,0.36,3,0,2026-04-09,0.27841245436228557
IN-NGO-NORTHGOA__2026-04-10,Goa,North Goa,15.4909,73.8278,58.0,322.0,18,250,0.24769230769230768,0.6,29,0.36,3,0,2026-04-10,0.28995719781758805
IN-NIL-NILGIRIS__2026-04-01,Tamil Nadu,Nilgiris,11.4916,76.7337,71.0,71.0,29,2240,0.054615384615384614,0.46,19,0.59,4,1,2026-04-01,0.38350397869846686
IN-NIL-NILGIRIS__2026-04-02,Tamil Nadu,Nilgiris,11.4916,76.7337,79.0,150.0,29,2240,0.11538461538461539,0.46,19,0.59,4,1,2026-04-02,0.39395945655394476
IN-NIL-NILGIRIS__2026-04-03,Tamil Nadu,Nilgiris,11.4916,76.7337,87.0,237.0,29,2240,0.1823076923076923,0.46,19,0.59,4,1,2026-04-03,0.41905745307219444
IN-NIL-NILGIRIS__2026-04-04,Tamil Nadu,Nilgiris,11.4916,76.7337,95.0,332.0,29,2240,0.2553846153846154,0.46,19,0.59,4,1,2026-04-04,0.44939311847435365
IN-NIL-NILGIRIS__2026-04-05,Tamil Nadu,Nilgiris,11.4916,76.7337,103.0,435.0,29,2240,0.3346153846153846,0.46,19,0.59,4,1,2026-04-05,0.48308433397537387
IN-NIL-NILGIRIS__2026-04-06,Tamil Nadu,Nilgiris,11.4916,76.7337,111.0,546.0,29,2240,0.42,0.46,19,0.59,4,1,2026-04-06,0.519502979697468
IN-NIL-NILGIRIS__2026-04-07,Tamil Nadu,Nilgiris,11.4916,76.7337,122.0,668.0,29,2240,0.5138461538461538,0.46,19,0.59,4,1,2026-04-07,0.562584193094849
IN-NIL-NILGIRIS__2026-04-08,Tamil Nadu,Nilgiris,11.4916,76.7337,130.0,727.0,29,2240,0.5592307692307692,0.46,19,0.59,4,1,2026-04-08,0.58658952808718
IN-NIL-NILGIRIS__2026-04-09,Tamil Nadu,Nilgiris,11.4916,76.7337,138.0,786.0,29,2240,0.6046153846153847,0.46,19,0.59,4,1,2026-04-09,0.6106177885527347
IN-NIL-NILGIRIS__2026-04-10,Tamil Nadu,Nilgiris,11.4916,76.7337,146.0,845.0,29,2240,0.65,0.46,19,0.59,4,1,2026-04-10,0.6346641723509683
IN-PAL-PALAKKAD__2026-04-01,Kerala,Palakkad,10.7867,76.6548,34.0,34.0,21,140,0.026153846153846153,0.53,30,0.38,3,0,2026-04-01,0.23823912229502783
IN-PAL-PALAKKAD__2026-04-02,Kerala,Palakkad,10.7867,76.6548,39.0,73.0,21,140,0.05615384615384615,0.53,30,0.38,3,0,2026-04-02,0.2352635307632719
IN-PAL-PALAKKAD__2026-04-03,Kerala,Palakkad,10.7867,76.6548,48.0,121.0,21,140,0.09307692307692307,0.53,30,0.38,3,0,2026-04-03,0.2521334643166425
IN-PAL-PALAKKAD__2026-04-04,Kerala,Palakkad,10.7867,76.6548,53.0,174.0,21,140,0.13384615384615384,0.53,30,0.38,3,0,2026-04-04,0.26776568768366216
IN-PAL-PALAKKAD__2026-04-05,Kerala,Palakkad,10.7867,76.6548,58.0,232.0,21,140,0.17846153846153845,0.53,30,0.38,3,0,2026-04-05,0.28620555586146135
IN-PAL-PALAKKAD__2026-04-06,Kerala,Palakkad,10.7867,76.6548,63.0,295.0,21,140,0.22692307692307692,0.53,30,0.38,3,0,2026-04-06,0.3066793972742859
IN-PAL-PALAKKAD__2026-04-07,Kerala,Palakkad,10.7867,76.6548,68.0,363.0,21,140,0.2792307692307692,0.53,30,0.38,3,0,2026-04-07,0.32886929817974914
IN-PAL-PALAKKAD__2026-04-08,Kerala,Palakkad,10.7867,76.6548,73.0,402.0,21,140,0.30923076923076925,0.53,30,0.38,3,1,2026-04-08,0.344294412278676
IN-PAL-PALAKKAD__2026-04-09,Kerala,Palakkad,10.7867,76.6548,78.0,441.0,21,140,0.3392307692307692,0.53,30,0.38,3,1,2026-04-09,0.3597601060731544
IN-PAL-PALAKKAD__2026-04-10,Kerala,Palakkad,10.7867,76.6548,83.0,476.0,21,140,0.36615384615384616,0.53,30,0.38,3,1,2026-04-10,0.3742684576655397
IN-PAP-PAPUMPARE__2026-04-01,Arunachal Pradesh,Papum Pare,27.0844,93.6053,65.0,65.0,34,1200,0.05,0.44,21,0.55,4,0,2026-04-01,0.37494542386747115
IN-PAP-PAPUMPARE__2026-04-02,Arunachal Pradesh,Papum Pare,27.0844,93.6053,73.0,138.0,34,1200,0.10615384615384615,0.44,21,0.55,4,1,2026-04-02,0.3839244245769067
IN-PAP-PAPUMPARE__2026-04-03,Arunachal Pradesh,Papum Pare,27.0844,93.6053,85.0,223.0,34,1200,0.17153846153846153,0.44,21,0.55,4,1,2026-04-03,0.41333331938003026
IN-PAP-PAPUMPARE__2026-04-04,Arunachal Pradesh,Papum Pare,27.0844,93.6053,93.0,316.0,34,1200,0.24307692307692308,0.44,21,0.55,4,1,2026-04-04,0.44290918415781366
IN-PAP-PAPUMPARE__2026-04-05,Arunachal Pradesh,Papum Pare,27.0844,93.6053,101.0,417.0,34,1200,0.32076923076923075,0.44,21,0.55,4,1,2026-04-05,0.47596793900221657
IN-PAP-PAPUMPARE__2026-04-06,Arunachal Pradesh,Papum Pare,27.0844,93.6053,109.0,526.0,34,1200,0.4046153846153846,0.44,21,0.55,4,1,2026-04-06,0.5118036280207323
IN-PAP-PAPUMPARE__2026-04-07,Arunachal Pradesh,Papum Pare,27.0844,93.6053,117.0,643.0,34,1200,0.4946153846153846,0.44,21,0.55,4,1,2026-04-07,0.550120309945623
IN-PAP-PAPUMPARE__2026-04-08,Arunachal Pradesh,Papum Pare,27.0844,93.6053,125.0,703.0,34,1200,0.5407692307692308,0.44,21,0.55,4,1,2026-04-08,0.5743738833169831
IN-PAP-PAPUMPARE__2026-04-09,Arunachal Pradesh,Papum Pare,27.0844,93.6053,133.0,763.0,34,1200,0.5869230769230769,0.44,21,0.55,4,1,2026-04-09,0.5986535652673557
IN-PAP-PAPUMPARE__2026-04-10,Arunachal Pradesh,Papum Pare,27.0844,93.6053,141.0,819.0,34,1200,0.63,0.44,21,0.55,4,1,2026-04-10,0.6219409616630089
IN-PAT-PATHANAMTHITTA__2026-04-01,Kerala,Pathanamthitta,9.2648,76.787,39.0,39.0,18,110,0.03,0.55,27,0.36,3,0,2026-04-01,0.22875366601902036
IN-PAT-PATHANAMTHITTA__2026-04-02,Kerala,Pathanamthitta,9.2648,76.787,45.0,84.0,18,110,0.06461538461538462,0.55,27,0.36,3,0,2026-04-02,0.2284969227622771
IN-PAT-PATHANAMTHITTA__2026-04-03,Kerala,Pathanamthitta,9.2648,76.787,55.0,139.0,18,110,0.10692307692307693,0.55,27,0.36,3,0,2026-04-03,0.24818939575690835
IN-PAT-PATHANAMTHITTA__2026-04-04,Kerala,Pathanamthitta,9.2648,76.787,61.0,200.0,18,110,0.15384615384615385,0.55,27,0.36,3,0,2026-04-04,0.26706135832671263
IN-PAT-PATHANAMTHITTA__2026-04-05,Kerala,Pathanamthitta,9.2648,76.787,67.0,267.0,18,110,0.2053846153846154,0.55,27,0.36,3,0,2026-04-05,0.28896734297876475
IN-PAT-PATHANAMTHITTA__2026-04-06,Kerala,Pathanamthitta,9.2648,76.787,73.0,340.0,18,110,0.26153846153846155,0.55,27,0.36,3,0,2026-04-06,0.31315588732712407
IN-PAT-PATHANAMTHITTA__2026-04-07,Kerala,Pathanamthitta,9.2648,76.787,79.0,419.0,18,110,0.3223076923076923,0.55,27,0.36,3,0,2026-04-07,0.3393164111497845
IN-PAT-PATHANAMTHITTA__2026-04-08,Kerala,Pathanamthitta,9.2648,76.787,85.0,465.0,18,110,0.3576923076923077,0.55,27,0.36,3,1,2026-04-08,0.3576626967732124
IN-PAT-PATHANAMTHITTA__2026-04-09,Kerala,Pathanamthitta,9.2648,76.787,91.0,511.0,18,110,0.3930769230769231,0.55,27,0.36,3,1,2026-04-09,0.3760503802636797
IN-PAT-PATHANAMTHITTA__2026-04-10,Kerala,Pathanamthitta,9.2648,76.787,97.0,553.0,18,110,0.42538461538461536,0.55,27,0.36,3,1,2026-04-10,0.39347343738689294
IN-PAU-PAURIGARHWAL__2026-04-01,Uttarakhand,Pauri Garhwal,30.146,78.7812,27.0,27.0,26,1814,0.02076923076923077,0.47,18,0.43,3,0,2026-04-01,0.2908533167619782
IN-PAU-PAURIGARHWAL__2026-04-02,Uttarakhand,Pauri Garhwal,30.146,78.7812,32.0,59.0,26,1814,0.045384615384615384,0.47,18,0.43,3,0,2026-04-02,0.2863720082399917
IN-PAU-PAURIGARHWAL__2026-04-03,Uttarakhand,Pauri Garhwal,30.146,78.7812,37.0,96.0,26,1814,0.07384615384615385,0.47,18,0.43,3,0,2026-04-03,0.29522522818388963
IN-PAU-PAURIGARHWAL__2026-04-04,Uttarakhand,Pauri Garhwal,30.146,78.7812,42.0,138.0,26,1814,0.10615384615384615,0.47,18,0.43,3,0,2026-04-04,0.30842163539986206
IN-PAU-PAURIGARHWAL__2026-04-05,Uttarakhand,Pauri Garhwal,30.146,78.7812,47.0,185.0,26,1814,0.1423076923076923,0.47,18,0.43,3,0,2026-04-05,0.3241567376653991
IN-PAU-PAURIGARHWAL__2026-04-06,Uttarakhand,Pauri Garhwal,30.146,78.7812,52.0,237.0,26,1814,0.1823076923076923,0.47,18,0.43,3,0,2026-04-06,0.3418254922657993
IN-PAU-PAURIGARHWAL__2026-04-07,Uttarakhand,Pauri Garhwal,30.146,78.7812,57.0,294.0,26,1814,0.22615384615384615,0.47,18,0.43,3,0,2026-04-07,0.36116646076083647
IN-PAU-PAURIGARHWAL__2026-04-08,Uttarakhand,Pauri Garhwal,30.146,78.7812,62.0,329.0,26,1814,0.2530769230769231,0.47,18,0.43,3,0,2026-04-08,0.3755577442493845
IN-PAU-PAURIGARHWAL__2026-04-09,Uttarakhand,Pauri Garhwal,30.146,78.7812,67.0,364.0,26,1814,0.28,0.47,18,0.43,3,0,2026-04-09,0.38999077929944076
IN-PAU-PAURIGARHWAL__2026-04-10,Uttarakhand,Pauri Garhwal,30.146,78.7812,72.0,399.0,26,1814,0.3069230769230769,0.47,18,0.43,3,1,2026-04-10,0.40445457865797696
IN-PHE-PHEK__2026-04-01,Nagaland,Phek,25.68,94.5,42.0,42.0,29,1524,0.03230769230769231,0.49,19,0.46,3,0,2026-04-01,0.3189885114885115
IN-PHE-PHEK__2026-04-02,Nagaland,Phek,25.68,94.5,49.0,91.0,29,1524,0.07,0.49,19,0.46,3,0,2026-04-02,0.3209787212787213
IN-PHE-PHEK__2026-04-03,Nagaland,Phek,25.68,94.5,60.0,151.0,29,1524,0.11615384615384615,0.49,19,0.46,3,0,2026-04-03,0.34302660716766675
IN-PHE-PHEK__2026-04-04,Nagaland,Phek,25.68,94.5,67.0,218.0,29,1524,0.1676923076923077,0.49,19,0.46,3,0,2026-04-04,0.36458558597365937
IN-PHE-PHEK__2026-04-05,Nagaland,Phek,25.68,94.5,74.0,292.0,29,1524,0.2246153846153846,0.49,19,0.46,3,1,2026-04-05,0.3894192040835877
IN-PHE-PHEK__2026-04-06,Nagaland,Phek,25.68,94.5,81.0,373.0,29,1524,0.28692307692307695,0.49,19,0.46,3,1,2026-04-06,0.4167895238809448
IN-PHE-PHEK__2026-04-07,Nagaland,Phek,25.68,94.5,88.0,461.0,29,1524,0.3546153846153846,0.49,19,0.46,3,1,2026-04-07,0.44639051989225526
IN-PHE-PHEK__2026-04-08,Nagaland,Phek,25.68,94.5,95.0,514.0,29,1524,0.3953846153846154,0.49,19,0.46,3,1,2026-04-08,0.4676458432617966
IN-PHE-PHEK__2026-04-09,Nagaland,Phek,25.68,94.5,102.0,567.0,29,1524,0.43615384615384617,0.49,19,0.46,3,1,2026-04-09,0.4889465164465165
IN-PHE-PHEK__2026-04-10,Nagaland,Phek,25.68,94.5,109.0,616.0,29,1524,0.47384615384615386,0.49,19,0.46,3,1,2026-04-10,0.5092804195804196
IN-PIT-PITHORAGARH__2026-04-01,Uttarakhand,Pithoragarh,29.5829,80.2182,82.0,82.0,37,1650,0.06307692307692307,0.38,18,0.63,5,1,2026-04-01,0.4294524428327578
IN-PIT-PITHORAGARH__2026-04-02,Uttarakhand,Pithoragarh,29.5829,80.2182,91.0,173.0,37,1650,0.13307692307692306,0.38,18,0.63,5,1,2026-04-02,0.4441110870786853
IN-PIT-PITHORAGARH__2026-04-03,Uttarakhand,Pithoragarh,29.5829,80.2182,100.0,273.0,37,1650,0.21,0.38,18,0.63,5,1,2026-04-03,0.4736946672749822
IN-PIT-PITHORAGARH__2026-04-04,Uttarakhand,Pithoragarh,29.5829,80.2182,109.0,382.0,37,1650,0.29384615384615387,0.38,18,0.63,5,1,2026-04-04,0.5087821393142867
IN-PIT-PITHORAGARH__2026-04-05,Uttarakhand,Pithoragarh,29.5829,80.2182,118.0,500.0,37,1650,0.38461538461538464,0.38,18,0.63,5,1,2026-04-05,0.547488247028562
IN-PIT-PITHORAGARH__2026-04-06,Uttarakhand,Pithoragarh,29.5829,80.2182,127.0,627.0,37,1650,0.4823076923076923,0.38,18,0.63,5,1,2026-04-06,0.5891838868273598
IN-PIT-PITHORAGARH__2026-04-07,Uttarakhand,Pithoragarh,29.5829,80.2182,139.0,766.0,37,1650,0.5892307692307692,0.38,18,0.63,5,1,2026-04-07,0.6377850543465704
IN-PIT-PITHORAGARH__2026-04-08,Uttarakhand,Pithoragarh,29.5829,80.2182,148.0,832.0,37,1650,0.64,0.38,18,0.63,5,1,2026-04-08,0.6647216736019886
IN-PIT-PITHORAGARH__2026-04-09,Uttarakhand,Pithoragarh,29.5829,80.2182,157.0,898.0,37,1650,0.6907692307692308,0.38,18,0.63,5,1,2026-04-09,0.6916793277518478
IN-PIT-PITHORAGARH__2026-04-10,Uttarakhand,Pithoragarh,29.5829,80.2182,166.0,964.0,37,1650,0.7415384615384616,0.38,18,0.63,5,1,2026-04-10,0.7186536963510238
IN-RAI-RAIGAD__2026-04-01,Maharashtra,Raigad,18.5158,73.1822,45.0,45.0,24,570,0.03461538461538462,0.52,27,0.47,3,0,2026-04-01,0.28143775515822755
IN-RAI-RAIGAD__2026-04-02,Maharashtra,Raigad,18.5158,73.1822,51.0,96.0,24,570,0.07384615384615385,0.52,27,0.47,3,0,2026-04-02,0.28257167124214366
IN-RAI-RAIGAD__2026-04-03,Maharashtra,Raigad,18.5158,73.1822,61.0,157.0,24,570,0.12076923076923077,0.52,27,0.47,3,0,2026-04-03,0.30372600957896606
IN-RAI-RAIGAD__2026-04-04,Maharashtra,Raigad,18.5158,73.1822,67.0,224.0,24,570,0.1723076923076923,0.52,27,0.47,3,0,2026-04-04,0.3242174254878979
IN-RAI-RAIGAD__2026-04-05,Maharashtra,Raigad,18.5158,73.1822,73.0,297.0,24,570,0.22846153846153847,0.52,27,0.47,3,1,2026-04-05,0.3477225518430243
IN-RAI-RAIGAD__2026-04-06,Maharashtra,Raigad,18.5158,73.1822,79.0,376.0,24,570,0.28923076923076924,0.52,27,0.47,3,1,2026-04-06,0.37350215033751644
IN-RAI-RAIGAD__2026-04-07,Maharashtra,Raigad,18.5158,73.1822,85.0,461.0,24,570,0.3546153846153846,0.52,27,0.47,3,1,2026-04-07,0.40124938994426584
IN-RAI-RAIGAD__2026-04-08,Maharashtra,Raigad,18.5158,73.1822,91.0,507.0,24,570,0.39,0.52,27,0.47,3,1,2026-04-08,0.4196298297503022
IN-RAI-RAIGAD__2026-04-09,Maharashtra,Raigad,18.5158,73.1822,97.0,553.0,24,570,0.42538461538461536,0.52,27,0.47,3,1,2026-04-09,0.4380428412114149
IN-RAI-RAIGAD__2026-04-10,Maharashtra,Raigad,18.5158,73.1822,103.0,595.0,24,570,0.4576923076923077,0.52,27,0.47,3,1,2026-04-10,0.4554810060250079
IN-RAT-RATNAGIRI__2026-04-01,Maharashtra,Ratnagiri,16.9902,73.312,40.0,40.0,22,350,0.03076923076923077,0.57,28,0.43,3,0,2026-04-01,0.2554733801631439
IN-RAT-RATNAGIRI__2026-04-02,Maharashtra,Ratnagiri,16.9902,73.312,46.0,86.0,22,350,0.06615384615384616,0.57,28,0.43,3,0,2026-04-02,0.255444952776577
IN-RAT-RATNAGIRI__2026-04-03,Maharashtra,Ratnagiri,16.9902,73.312,56.0,142.0,22,350,0.10923076923076923,0.57,28,0.43,3,0,2026-04-03,0.27537949658193644
IN-RAT-RATNAGIRI__2026-04-04,Maharashtra,Ratnagiri,16.9902,73.312,62.0,204.0,22,350,0.15692307692307692,0.57,28,0.43,3,0,2026-04-04,0.29452255060054966
IN-RAT-RATNAGIRI__2026-04-05,Maharashtra,Ratnagiri,16.9902,73.312,68.0,272.0,22,350,0.20923076923076922,0.57,28,0.43,3,0,2026-04-05,0.31669575778552156
IN-RAT-RATNAGIRI__2026-04-06,Maharashtra,Ratnagiri,16.9902,73.312,74.0,346.0,22,350,0.26615384615384613,0.57,28,0.43,3,0,2026-04-06,0.34114997177962
IN-RAT-RATNAGIRI__2026-04-07,Maharashtra,Ratnagiri,16.9902,73.312,80.0,426.0,22,350,0.32769230769230767,0.57,28,0.43,3,1,2026-04-07,0.36757532704255563
IN-RAT-RATNAGIRI__2026-04-08,Maharashtra,Ratnagiri,16.9902,73.312,86.0,472.0,22,350,0.3630769230769231,0.57,28,0.43,3,1,2026-04-08,0.3859279493227979
IN-RAT-RATNAGIRI__2026-04-09,Maharashtra,Ratnagiri,16.9902,73.312,92.0,518.0,22,350,0.3984615384615385,0.57,28,0.43,3,1,2026-04-09,0.40432028461004843
IN-RAT-RATNAGIRI__2026-04-10,Maharashtra,Ratnagiri,16.9902,73.312,98.0,560.0,22,350,0.4307692307692308,0.57,28,0.43,3,1,2026-04-10,0.42174610743587126
IN-RUD-RUDRAPRAYAG__2026-04-01,Uttarakhand,Rudraprayag,30.2844,78.9811,58.0,58.0,32,895,0.04461538461538461,0.43,19,0.55,4,0,2026-04-01,0.3516029254210356
IN-RUD-RUDRAPRAYAG__2026-04-02,Uttarakhand,Rudraprayag,30.2844,78.9811,66.0,124.0,32,895,0.09538461538461539,0.43,19,0.55,4,0,2026-04-02,0.35888205919049193
IN-RUD-RUDRAPRAYAG__2026-04-03,Uttarakhand,Rudraprayag,30.2844,78.9811,78.0,202.0,32,895,0.15538461538461537,0.43,19,0.55,4,1,2026-04-03,0.38652819025521135
IN-RUD-RUDRAPRAYAG__2026-04-04,Uttarakhand,Rudraprayag,30.2844,78.9811,86.0,288.0,32,895,0.22153846153846155,0.43,19,0.55,4,1,2026-04-04,0.4142466705647807
IN-RUD-RUDRAPRAYAG__2026-04-05,Uttarakhand,Rudraprayag,30.2844,78.9811,94.0,382.0,32,895,0.29384615384615387,0.43,19,0.55,4,1,2026-04-05,0.4454570461693972
IN-RUD-RUDRAPRAYAG__2026-04-06,Uttarakhand,Rudraprayag,30.2844,78.9811,102.0,484.0,32,895,0.3723076923076923,0.43,19,0.55,4,1,2026-04-06,0.47944806210253593
IN-RUD-RUDRAPRAYAG__2026-04-07,Uttarakhand,Rudraprayag,30.2844,78.9811,110.0,594.0,32,895,0.45692307692307693,0.43,19,0.55,4,1,2026-04-07,0.5159222209403311
IN-RUD-RUDRAPRAYAG__2026-04-08,Uttarakhand,Rudraprayag,30.2844,78.9811,118.0,654.0,32,895,0.5030769230769231,0.43,19,0.55,4,1,2026-04-08,0.5401515193347672
IN-RUD-RUDRAPRAYAG__2026-04-09,Uttarakhand,Rudraprayag,30.2844,78.9811,126.0,714.0,32,895,0.5492307692307692,0.43,19,0.55,4,1,2026-04-09,0.5644127979014963
IN-RUD-RUDRAPRAYAG__2026-04-10,Uttarakhand,Rudraprayag,30.2844,78.9811,134.0,770.0,32,895,0.5923076923076923,0.43,19,0.55,4,1,2026-04-10,0.5876884399065502
IN-SAT-SATARA__2026-04-01,Maharashtra,Satara,17.6805,74.0183,38.0,38.0,23,742,0.02923076923076923,0.55,26,0.45,3,0,2026-04-01,0.267570734777034
IN-SAT-SATARA__2026-04-02,Maharashtra,Satara,17.6805,74.0183,43.0,81.0,23,742,0.06230769230769231,0.55,26,0.45,3,0,2026-04-02,0.2655060019789679
IN-SAT-SATARA__2026-04-03,Maharashtra,Satara,17.6805,74.0183,52.0,133.0,23,742,0.10230769230769231,0.55,26,0.45,3,0,2026-04-03,0.283328713640276
IN-SAT-SATARA__2026-04-04,Maharashtra,Satara,17.6805,74.0183,57.0,190.0,23,742,0.14615384615384616,0.55,26,0.45,3,0,2026-04-04,0.30005185365815296
IN-SAT-SATARA__2026-04-05,Maharashtra,Satara,17.6805,74.0183,62.0,252.0,23,742,0.19384615384615383,0.55,26,0.45,3,0,2026-04-05,0.3195630535693528
IN-SAT-SATARA__2026-04-06,Maharashtra,Satara,17.6805,74.0183,67.0,319.0,23,742,0.2453846153846154,0.55,26,0.45,3,0,2026-04-06,0.3411006600242007
IN-SAT-SATARA__2026-04-07,Maharashtra,Satara,17.6805,74.0183,72.0,391.0,23,742,0.3007692307692308,0.55,26,0.45,3,1,2026-04-07,0.3643504496912758
IN-SAT-SATARA__2026-04-08,Maharashtra,Satara,17.6805,74.0183,77.0,430.0,23,742,0.33076923076923076,0.55,26,0.45,3,1,2026-04-08,0.3798020569432399
IN-SAT-SATARA__2026-04-09,Maharashtra,Satara,17.6805,74.0183,82.0,469.0,23,742,0.3607692307692308,0.55,26,0.45,3,1,2026-04-09,0.3952874151116248
IN-SAT-SATARA__2026-04-10,Maharashtra,Satara,17.6805,74.0183,87.0,504.0,23,742,0.38769230769230767,0.55,26,0.45,3,1,2026-04-10,0.40980696521326443
IN-SEN-SENAPATI__2026-04-01,Manipur,Senapati,25.267,94.022,30.0,30.0,28,1061,0.023076923076923078,0.5,21,0.44,3,0,2026-04-01,0.2872592533450801
IN-SEN-SENAPATI__2026-04-02,Manipur,Senapati,25.267,94.022,36.0,66.0,28,1061,0.05076923076923077,0.5,21,0.44,3,0,2026-04-02,0.28503827432410106
IN-SEN-SENAPATI__2026-04-03,Manipur,Senapati,25.267,94.022,42.0,108.0,28,1061,0.08307692307692308,0.5,21,0.44,3,0,2026-04-03,0.29630571799154476
IN-SEN-SENAPATI__2026-04-04,Manipur,Senapati,25.267,94.022,48.0,156.0,28,1061,0.12,0.5,21,0.44,3,0,2026-04-04,0.31215715544298217
IN-SEN-SENAPATI__2026-04-05,Manipur,Senapati,25.267,94.022,54.0,210.0,28,1061,0.16153846153846155,0.5,21,0.44,3,0,2026-04-05,0.3308037088895357
IN-SEN-SENAPATI__2026-04-06,Manipur,Senapati,25.267,94.022,60.0,270.0,28,1061,0.2076923076923077,0.5,21,0.44,3,0,2026-04-06,0.3516446457304725
IN-SEN-SENAPATI__2026-04-07,Manipur,Senapati,25.267,94.022,66.0,336.0,28,1061,0.25846153846153846,0.5,21,0.44,3,0,2026-04-07,0.3744198927057194
IN-SEN-SENAPATI__2026-04-08,Manipur,Senapati,25.267,94.022,72.0,378.0,28,1061,0.2907692307692308,0.5,21,0.44,3,1,2026-04-08,0.3917118673976942
IN-SEN-SENAPATI__2026-04-09,Manipur,Senapati,25.267,94.022,78.0,420.0,28,1061,0.3230769230769231,0.5,21,0.44,3,1,2026-04-09,0.4090514611372879
IN-SEN-SENAPATI__2026-04-10,Manipur,Senapati,25.267,94.022,84.0,462.0,28,1061,0.3553846153846154,0.5,21,0.44,3,1,2026-04-10,0.4264256869115137
IN-SGH-SOUTHGAROHILLS__2026-04-01,Meghalaya,South Garo Hills,25.289,90.568,27.0,27.0,24,920,0.02076923076923077,0.56,26,0.42,3,0,2026-04-01,0.2576834629936992
IN-SGH-SOUTHGAROHILLS__2026-04-02,Meghalaya,South Garo Hills,25.289,90.568,33.0,60.0,24,920,0.046153846153846156,0.56,26,0.42,3,0,2026-04-02,0.254859686769923
IN-SGH-SOUTHGAROHILLS__2026-04-03,Meghalaya,South Garo Hills,25.289,90.568,39.0,99.0,24,920,0.07615384615384616,0.56,26,0.42,3,0,2026-04-03,0.26536271707295334
IN-SGH-SOUTHGAROHILLS__2026-04-04,Meghalaya,South Garo Hills,25.289,90.568,45.0,144.0,24,920,0.11076923076923077,0.56,26,0.42,3,0,2026-04-04,0.2804198266300628
IN-SGH-SOUTHGAROHILLS__2026-04-05,Meghalaya,South Garo Hills,25.289,90.568,51.0,195.0,24,920,0.15,0.56,26,0.42,3,0,2026-04-05,0.29826528117551737
IN-SGH-SOUTHGAROHILLS__2026-04-06,Meghalaya,South Garo Hills,25.289,90.568,57.0,252.0,24,920,0.19384615384615383,0.56,26,0.42,3,0,2026-04-06,0.3183045086147448
IN-SGH-SOUTHGAROHILLS__2026-04-07,Meghalaya,South Garo Hills,25.289,90.568,63.0,315.0,24,920,0.2423076923076923,0.56,26,0.42,3,0,2026-04-07,0.3402792671895034
IN-SGH-SOUTHGAROHILLS__2026-04-08,Meghalaya,South Garo Hills,25.289,90.568,69.0,357.0,24,920,0.2746153846153846,0.56,26,0.42,3,1,2026-04-08,0.3575404295565481
IN-SGH-SOUTHGAROHILLS__2026-04-09,Meghalaya,South Garo Hills,25.289,90.568,75.0,399.0,24,920,0.3069230769230769,0.56,26,0.42,3,1,2026-04-09,0.3748582040421244
IN-SGH-SOUTHGAROHILLS__2026-04-10,Meghalaya,South Garo Hills,25.289,90.568,81.0,441.0,24,920,0.3392307692307692,0.56,26,0.42,3,1,2026-04-10,0.3922164157552233
IN-SHI-SHIMLA__2026-04-01,Himachal Pradesh,Shimla,31.1048,77.1734,83.0,83.0,36,2206,0.06384615384615384,0.37,16,0.58,4,1,2026-04-01,0.4346640579892549
IN-SHI-SHIMLA__2026-04-02,Himachal Pradesh,Shimla,31.1048,77.1734,92.0,175.0,36,2206,0.1346153846153846,0.37,16,0.58,4,1,2026-04-02,0.44957234969754656
IN-SHI-SHIMLA__2026-04-03,Himachal Pradesh,Shimla,31.1048,77.1734,101.0,276.0,36,2206,0.2123076923076923,0.37,16,0.58,4,1,2026-04-03,0.4794150258619619
IN-SHI-SHIMLA__2026-04-04,Himachal Pradesh,Shimla,31.1048,77.1734,110.0,386.0,36,2206,0.2969230769230769,0.37,16,0.58,4,1,2026-04-04,0.514763721020524
IN-SHI-SHIMLA__2026-04-05,Himachal Pradesh,Shimla,31.1048,77.1734,119.0,505.0,36,2206,0.38846153846153847,0.37,16,0.58,4,1,2026-04-05,0.5537317586054703
IN-SHI-SHIMLA__2026-04-06,Himachal Pradesh,Shimla,31.1048,77.1734,128.0,633.0,36,2206,0.4869230769230769,0.37,16,0.58,4,1,2026-04-06,0.5956895885408517
IN-SHI-SHIMLA__2026-04-07,Himachal Pradesh,Shimla,31.1048,77.1734,140.0,773.0,36,2206,0.5946153846153847,0.37,16,0.58,4,1,2026-04-07,0.6445519165731031
IN-SHI-SHIMLA__2026-04-08,Himachal Pradesh,Shimla,31.1048,77.1734,149.0,839.0,36,2206,0.6453846153846153,0.37,16,0.58,4,1,2026-04-08,0.6714908297871827
IN-SHI-SHIMLA__2026-04-09,Himachal Pradesh,Shimla,31.1048,77.1734,158.0,905.0,36,2206,0.6961538461538461,0.37,16,0.58,4,1,2026-04-09,0.6984502806064168
IN-SHI-SHIMLA__2026-04-10,Himachal Pradesh,Shimla,31.1048,77.1734,167.0,971.0,36,2206,0.7469230769230769,0.37,16,0.58,4,1,2026-04-10,0.7254260811360359
IN-TAW-TAWANG__2026-04-01,Arunachal Pradesh,Tawang,27.5861,91.863,18.0,18.0,29,3048,0.013846153846153847,0.46,8,0.43,3,0,2026-04-01,0.3165297702297702
IN-TAW-TAWANG__2026-04-02,Arunachal Pradesh,Tawang,27.5861,91.863,23.0,41.0,29,3048,0.031538461538461536,0.46,8,0.43,3,0,2026-04-02,0.31043872468994427
IN-TAW-TAWANG__2026-04-03,Arunachal Pradesh,Tawang,27.5861,91.863,28.0,69.0,29,3048,0.05307692307692308,0.46,8,0.43,3,0,2026-04-03,0.3170092067352937
IN-TAW-TAWANG__2026-04-04,Arunachal Pradesh,Tawang,27.5861,91.863,33.0,102.0,29,3048,0.07846153846153846,0.46,8,0.43,3,0,2026-04-04,0.3278038138332256
IN-TAW-TAWANG__2026-04-05,Arunachal Pradesh,Tawang,27.5861,91.863,38.0,140.0,29,3048,0.1076923076923077,0.46,8,0.43,3,0,2026-04-05,0.3411127872127872
IN-TAW-TAWANG__2026-04-06,Arunachal Pradesh,Tawang,27.5861,91.863,43.0,183.0,29,3048,0.14076923076923076,0.46,8,0.43,3,0,2026-04-06,0.35635525076016883
IN-TAW-TAWANG__2026-04-07,Arunachal Pradesh,Tawang,27.5861,91.863,48.0,231.0,29,3048,0.1776923076923077,0.46,8,0.43,3,0,2026-04-07,0.3732764235764236
IN-TAW-TAWANG__2026-04-08,Arunachal Pradesh,Tawang,27.5861,91.863,53.0,266.0,29,3048,0.20461538461538462,0.46,8,0.43,3,0,2026-04-08,0.38754305168515696
IN-TAW-TAWANG__2026-04-09,Arunachal Pradesh,Tawang,27.5861,91.863,58.0,301.0,29,3048,0.23153846153846153,0.46,8,0.43,3,1,2026-04-09,0.40188915967753175
IN-TAW-TAWANG__2026-04-10,Arunachal Pradesh,Tawang,27.5861,91.863,63.0,336.0,29,3048,0.25846153846153846,0.46,8,0.43,3,1,2026-04-10,0.4162899100899101
IN-TEH-TEHRIGARHWAL__2026-04-01,Uttarakhand,Tehri Garhwal,30.3783,78.48,53.0,53.0,31,1550,0.040769230769230766,0.44,18,0.51,4,0,2026-04-01,0.3499486741604852
IN-TEH-TEHRIGARHWAL__2026-04-02,Uttarakhand,Tehri Garhwal,30.3783,78.48,60.0,113.0,31,1550,0.08692307692307692,0.44,18,0.51,4,0,2026-04-02,0.3545162835422539
IN-TEH-TEHRIGARHWAL__2026-04-03,Uttarakhand,Tehri Garhwal,30.3783,78.48,71.0,184.0,31,1550,0.14153846153846153,0.44,18,0.51,4,1,2026-04-03,0.379281358867083
IN-TEH-TEHRIGARHWAL__2026-04-04,Uttarakhand,Tehri Garhwal,30.3783,78.48,78.0,262.0,31,1550,0.20153846153846153,0.44,18,0.51,4,1,2026-04-04,0.40379133684131585
IN-TEH-TEHRIGARHWAL__2026-04-05,Uttarakhand,Tehri Garhwal,30.3783,78.48,85.0,347.0,31,1550,0.26692307692307693,0.44,18,0.51,4,1,2026-04-05,0.43154834365525563
IN-TEH-TEHRIGARHWAL__2026-04-06,Uttarakhand,Tehri Garhwal,30.3783,78.48,92.0,439.0,31,1550,0.3376923076923077,0.44,18,0.51,4,1,2026-04-06,0.46183066278689294
IN-TEH-TEHRIGARHWAL__2026-04-07,Uttarakhand,Tehri Garhwal,30.3783,78.48,99.0,538.0,31,1550,0.41384615384615386,0.44,18,0.51,4,1,2026-04-07,0.4943372409839963
IN-TEH-TEHRIGARHWAL__2026-04-08,Uttarakhand,Tehri Garhwal,30.3783,78.48,106.0,591.0,31,1550,0.4546153846153846,0.44,18,0.51,4,1,2026-04-08,0.5156488291662239
IN-TEH-TEHRIGARHWAL__2026-04-09,Uttarakhand,Tehri Garhwal,30.3783,78.48,113.0,644.0,31,1550,0.49538461538461537,0.44,18,0.51,4,1,2026-04-09,0.5369910839246341
IN-TEH-TEHRIGARHWAL__2026-04-10,Uttarakhand,Tehri Garhwal,30.3783,78.48,120.0,693.0,31,1550,0.5330769230769231,0.44,18,0.51,4,1,2026-04-10,0.5573506055624166
IN-THR-THRISSUR__2026-04-01,Kerala,Thrissur,10.5276,76.2144,15.0,15.0,11,20,0.011538461538461539,0.62,29,0.29,2,0,2026-04-01,0.154723271216972
IN-THR-THRISSUR__2026-04-02,Kerala,Thrissur,10.5276,76.2144,18.0,33.0,11,20,0.025384615384615384,0.62,29,0.29,2,0,2026-04-02,0.1445218726155734
IN-THR-THRISSUR__2026-04-03,Kerala,Thrissur,10.5276,76.2144,21.0,54.0,11,20,0.04153846153846154,0.62,29,0.29,2,0,2026-04-03,0.1470242813179821
IN-THR-THRISSUR__2026-04-04,Kerala,Thrissur,10.5276,76.2144,24.0,78.0,11,20,0.06,0.62,29,0.29,2,0,2026-04-04,0.1533260684197692
IN-THR-THRISSUR__2026-04-05,Kerala,Thrissur,10.5276,76.2144,27.0,105.0,11,20,0.08076923076923077,0.62,29,0.29,2,0,2026-04-05,0.16163835613205693
IN-THR-THRISSUR__2026-04-06,Kerala,Thrissur,10.5276,76.2144,30.0,135.0,11,20,0.10384615384615385,0.62,29,0.29,2,0,2026-04-06,0.17136041185411266
IN-THR-THRISSUR__2026-04-07,Kerala,Thrissur,10.5276,76.2144,33.0,168.0,11,20,0.12923076923076923,0.62,29,0.29,2,0,2026-04-07,0.18223216232586315
IN-THR-THRISSUR__2026-04-08,Kerala,Thrissur,10.5276,76.2144,36.0,189.0,11,20,0.1453846153846154,0.62,29,0.29,2,0,2026-04-08,0.19075910205280286
IN-THR-THRISSUR__2026-04-09,Kerala,Thrissur,10.5276,76.2144,39.0,210.0,11,20,0.16153846153846155,0.62,29,0.29,2,0,2026-04-09,0.19933366082736165
IN-THR-THRISSUR__2026-04-10,Kerala,Thrissur,10.5276,76.2144,42.0,231.0,11,20,0.1776923076923077,0.62,29,0.29,2,0,2026-04-10,0.20794285163655246
IN-TVM-THIRUVANANTHAPURAM__2026-04-01,Kerala,Thiruvananthapuram,8.5241,76.9366,16.0,16.0,12,64,0.012307692307692308,0.6,29,0.28,2,0,2026-04-01,0.16192757478741732
IN-TVM-THIRUVANANTHAPURAM__2026-04-02,Kerala,Thiruvananthapuram,8.5241,76.9366,20.0,36.0,12,64,0.027692307692307693,0.6,29,0.28,2,0,2026-04-02,0.15374420260404514
IN-TVM-THIRUVANANTHAPURAM__2026-04-03,Kerala,Thiruvananthapuram,8.5241,76.9366,24.0,60.0,12,64,0.046153846153846156,0.6,29,0.28,2,0,2026-04-03,0.15816253982238238
IN-TVM-THIRUVANANTHAPURAM__2026-04-04,Kerala,Thiruvananthapuram,8.5241,76.9366,28.0,88.0,12,64,0.06769230769230769,0.6,29,0.28,2,0,2026-04-04,0.16657652583636837
IN-TVM-THIRUVANANTHAPURAM__2026-04-05,Kerala,Thiruvananthapuram,8.5241,76.9366,32.0,120.0,12,64,0.09230769230769231,0.6,29,0.28,2,0,2026-04-05,0.1772487869086294
IN-TVM-THIRUVANANTHAPURAM__2026-04-06,Kerala,Thiruvananthapuram,8.5241,76.9366,36.0,156.0,12,64,0.12,0.6,29,0.28,2,0,2026-04-06,0.18959191045175297
IN-TVM-THIRUVANANTHAPURAM__2026-04-07,Kerala,Thiruvananthapuram,8.5241,76.9366,40.0,196.0,12,64,0.15076923076923077,0.6,29,0.28,2,0,2026-04-07,0.20334958135228098
IN-TVM-THIRUVANANTHAPURAM__2026-04-08,Kerala,Thiruvananthapuram,8.5241,76.9366,44.0,224.0,12,64,0.1723076923076923,0.6,29,0.28,2,0,2026-04-08,0.2147301721900147
IN-TVM-THIRUVANANTHAPURAM__2026-04-09,Kerala,Thiruvananthapuram,8.5241,76.9366,48.0,252.0,12,64,0.19384615384615383,0.6,29,0.28,2,0,2026-04-09,0.22617879023863272
IN-TVM-THIRUVANANTHAPURAM__2026-04-10,Kerala,Thiruvananthapuram,8.5241,76.9366,52.0,280.0,12,64,0.2153846153846154,0.6,29,0.28,2,0,2026-04-10,0.23767502733486986
IN-UDH-UDHAMSINGHNAGAR__2026-04-01,Uttarakhand,Udham Singh Nagar,28.9617,79.515,12.0,12.0,8,230,0.009230769230769232,0.63,28,0.16,2,0,2026-04-01,0.13214264397020303
IN-UDH-UDHAMSINGHNAGAR__2026-04-02,Uttarakhand,Udham Singh Nagar,28.9617,79.515,12.0,24.0,8,230,0.018461538461538463,0.63,28,0.16,2,0,2026-04-02,0.11528110550866458
IN-UDH-UDHAMSINGHNAGAR__2026-04-03,Uttarakhand,Udham Singh Nagar,28.9617,79.515,12.0,36.0,8,230,0.027692307692307693,0.63,28,0.16,2,0,2026-04-03,0.11175290038045944
IN-UDH-UDHAMSINGHNAGAR__2026-04-04,Uttarakhand,Udham Singh Nagar,28.9617,79.515,15.0,51.0,8,230,0.03923076923076923,0.63,28,0.16,2,0,2026-04-04,0.11738007712528323
IN-UDH-UDHAMSINGHNAGAR__2026-04-05,Uttarakhand,Udham Singh Nagar,28.9617,79.515,18.0,69.0,8,230,0.05307692307692308,0.63,28,0.16,2,0,2026-04-05,0.12403057343204553
IN-UDH-UDHAMSINGHNAGAR__2026-04-06,Uttarakhand,Udham Singh Nagar,28.9617,79.515,21.0,90.0,8,230,0.06923076923076923,0.63,28,0.16,2,0,2026-04-06,0.1316941591217182
IN-UDH-UDHAMSINGHNAGAR__2026-04-07,Uttarakhand,Udham Singh Nagar,28.9617,79.515,24.0,114.0,8,230,0.0876923076923077,0.63,28,0.16,2,0,2026-04-07,0.14033152876961413
IN-UDH-UDHAMSINGHNAGAR__2026-04-08,Uttarakhand,Udham Singh Nagar,28.9617,79.515,27.0,129.0,8,230,0.09923076923076923,0.63,28,0.16,2,0,2026-04-08,0.14747837335709518
IN-UDH-UDHAMSINGHNAGAR__2026-04-09,Uttarakhand,Udham Singh Nagar,28.9617,79.515,30.0,147.0,8,230,0.11307692307692307,0.63,28,0.16,2,0,2026-04-09,0.15524996522038137
IN-UDH-UDHAMSINGHNAGAR__2026-04-10,Uttarakhand,Udham Singh Nagar,28.9617,79.515,33.0,168.0,8,230,0.12923076923076923,0.63,28,0.16,2,0,2026-04-10,0.1637088777364368
IN-UTK-UTTARKASHI__2026-04-01,Uttarakhand,Uttarkashi,30.729,78.443,57.0,57.0,35,1158,0.04384615384615385,0.41,15,0.57,4,0,2026-04-01,0.3710847860800616
IN-UTK-UTTARKASHI__2026-04-02,Uttarakhand,Uttarkashi,30.729,78.443,65.0,122.0,35,1158,0.09384615384615384,0.41,15,0.57,4,0,2026-04-02,0.3781235342171705
IN-UTK-UTTARKASHI__2026-04-03,Uttarakhand,Uttarkashi,30.729,78.443,77.0,199.0,35,1158,0.15307692307692308,0.41,15,0.57,4,1,2026-04-03,0.4055188163713784
IN-UTK-UTTARKASHI__2026-04-04,Uttarakhand,Uttarkashi,30.729,78.443,85.0,284.0,35,1158,0.21846153846153846,0.41,15,0.57,4,1,2026-04-04,0.4329713023806624
IN-UTK-UTTARKASHI__2026-04-05,Uttarakhand,Uttarkashi,30.729,78.443,93.0,377.0,35,1158,0.29,0.41,15,0.57,4,1,2026-04-05,0.46391719505040163
IN-UTK-UTTARKASHI__2026-04-06,Uttarakhand,Uttarkashi,30.729,78.443,101.0,478.0,35,1158,0.3676923076923077,0.41,15,0.57,4,1,2026-04-06,0.49764436123294226
IN-UTK-UTTARKASHI__2026-04-07,Uttarakhand,Uttarkashi,30.729,78.443,109.0,587.0,35,1158,0.45153846153846156,0.41,15,0.57,4,1,2026-04-07,0.533855041378426
IN-UTK-UTTARKASHI__2026-04-08,Uttarakhand,Uttarkashi,30.729,78.443,117.0,647.0,35,1158,0.4976923076923077,0.41,15,0.57,4,1,2026-04-08,0.5580804086954679
IN-UTK-UTTARKASHI__2026-04-09,Uttarakhand,Uttarkashi,30.729,78.443,125.0,707.0,35,1158,0.5438461538461539,0.41,15,0.57,4,1,2026-04-09,0.582338740046887
IN-UTK-UTTARKASHI__2026-04-10,Uttarakhand,Uttarkashi,30.729,78.443,133.0,763.0,35,1158,0.5869230769230769,0.41,15,0.57,4,1,2026-04-10,0.6056125078995267
IN-WAY-WAYANAD__2026-04-01,Kerala,Wayanad,11.6854,76.132,94.0,94.0,33,890,0.07230769230769231,0.42,23,0.67,5,1,2026-04-01,0.4135783263980114
IN-WAY-WAYANAD__2026-04-02,Kerala,Wayanad,11.6854,76.132,104.0,198.0,33,890,0.1523076923076923,0.42,23,0.67,5,1,2026-04-02,0.43269751831720343
IN-WAY-WAYANAD__2026-04-03,Kerala,Wayanad,11.6854,76.132,114.0,312.0,33,890,0.24,0.42,23,0.67,5,1,2026-04-03,0.46702727744696254
IN-WAY-WAYANAD__2026-04-04,Kerala,Wayanad,11.6854,76.132,124.0,436.0,33,890,0.3353846153846154,0.42,23,0.67,5,1,2026-04-04,0.5071278997604289
IN-WAY-WAYANAD__2026-04-05,Kerala,Wayanad,11.6854,76.132,134.0,570.0,33,890,0.43846153846153846,0.42,23,0.67,5,1,2026-04-05,0.5511105064986126
IN-WAY-WAYANAD__2026-04-06,Kerala,Wayanad,11.6854,76.132,144.0,714.0,33,890,0.5492307692307692,0.42,23,0.67,5,1,2026-04-06,0.5983448539880685
IN-WAY-WAYANAD__2026-04-07,Kerala,Wayanad,11.6854,76.132,157.0,871.0,33,890,0.67,0.42,23,0.67,5,1,2026-04-07,0.6527310870701751
IN-WAY-WAYANAD__2026-04-08,Kerala,Wayanad,11.6854,76.132,167.0,944.0,33,890,0.7261538461538461,0.42,23,0.67,5,1,2026-04-08,0.6825986535285081
IN-WAY-WAYANAD__2026-04-09,Kerala,Wayanad,11.6854,76.132,177.0,1017.0,33,890,0.7823076923076923,0.42,23,0.67,5,1,2026-04-09,0.7124854328608702
IN-WAY-WAYANAD__2026-04-10,Kerala,Wayanad,11.6854,76.132,187.0,1090.0,33,890,0.8384615384615385,0.42,23,0.67,5,1,2026-04-10,0.7423875648659656
IN-WJH-WESTJAINTIAHILLS__2026-04-01,Meghalaya,West Jaintia Hills,25.444,92.197,52.0,52.0,28,1380,0.04,0.51,21,0.49,4,0,2026-04-01,0.32609262705798137
IN-WJH-WESTJAINTIAHILLS__2026-04-02,Meghalaya,West Jaintia Hills,25.444,92.197,60.0,112.0,28,1380,0.08615384615384615,0.51,21,0.49,4,0,2026-04-02,0.3319407789061332
IN-WJH-WESTJAINTIAHILLS__2026-04-03,Meghalaya,West Jaintia Hills,25.444,92.197,72.0,184.0,28,1380,0.14153846153846153,0.51,21,0.49,4,1,2026-04-03,0.3580860597122836
IN-WJH-WESTJAINTIAHILLS__2026-04-04,Meghalaya,West Jaintia Hills,25.444,92.197,80.0,264.0,28,1380,0.20307692307692307,0.51,21,0.49,4,1,2026-04-04,0.38420544757080194
IN-WJH-WESTJAINTIAHILLS__2026-04-05,Meghalaya,West Jaintia Hills,25.444,92.197,88.0,352.0,28,1380,0.27076923076923076,0.51,21,0.49,4,1,2026-04-05,0.41382689279224716
IN-WJH-WESTJAINTIAHILLS__2026-04-06,Meghalaya,West Jaintia Hills,25.444,92.197,96.0,448.0,28,1380,0.3446153846153846,0.51,21,0.49,4,1,2026-04-06,0.4462332863986407
IN-WJH-WESTJAINTIAHILLS__2026-04-07,Meghalaya,West Jaintia Hills,25.444,92.197,104.0,552.0,28,1380,0.4246153846153846,0.51,21,0.49,4,1,2026-04-07,0.48112536243854287
IN-WJH-WESTJAINTIAHILLS__2026-04-08,Meghalaya,West Jaintia Hills,25.444,92.197,112.0,612.0,28,1380,0.4707692307692308,0.51,21,0.49,4,1,2026-04-08,0.5053289724119738
IN-WJH-WESTJAINTIAHILLS__2026-04-09,Meghalaya,West Jaintia Hills,25.444,92.197,120.0,672.0,28,1380,0.5169230769230769,0.51,21,0.49,4,1,2026-04-09,0.5295711485365029
IN-WJH-WESTJAINTIAHILLS__2026-04-10,Meghalaya,West Jaintia Hills,25.444,92.197,128.0,728.0,28,1380,0.56,0.51,21,0.49,4,1,2026-04-10,0.5528346850000394
IN-WKA-WESTKAMENG__2026-04-01,Arunachal Pradesh,West Kameng,27.363,92.418,47.0,47.0,31,1840,0.036153846153846154,0.48,16,0.5,4,0,2026-04-01,0.3440426502631227
IN-WKA-WESTKAMENG__2026-04-02,Arunachal Pradesh,West Kameng,27.363,92.418,54.0,101.0,31,1840,0.07769230769230769,0.48,16,0.5,4,0,2026-04-02,0.3471882294364247
IN-WKA-WESTKAMENG__2026-04-03,Arunachal Pradesh,West Kameng,27.363,92.418,65.0,166.0,31,1840,0.1276923076923077,0.48,16,0.5,4,0,2026-04-03,0.37046474142497293
IN-WKA-WESTKAMENG__2026-04-04,Arunachal Pradesh,West Kameng,27.363,92.418,72.0,238.0,31,1840,0.18307692307692308,0.48,16,0.5,4,1,2026-04-04,0.39337006402583063
IN-WKA-WESTKAMENG__2026-04-05,Arunachal Pradesh,West Kameng,27.363,92.418,79.0,317.0,31,1840,0.24384615384615385,0.48,16,0.5,4,1,2026-04-05,0.41953558004627334
IN-WKA-WESTKAMENG__2026-04-06,Arunachal Pradesh,West Kameng,27.363,92.418,86.0,403.0,31,1840,0.31,0.48,16,0.5,4,1,2026-04-06,0.44823177726515284
IN-WKA-WESTKAMENG__2026-04-07,Arunachal Pradesh,West Kameng,27.363,92.418,93.0,496.0,31,1840,0.38153846153846155,0.48,16,0.5,4,1,2026-04-07,0.47915523767571017
IN-WKA-WESTKAMENG__2026-04-08,Arunachal Pradesh,West Kameng,27.363,92.418,100.0,549.0,31,1840,0.42230769230769233,0.48,16,0.5,4,1,2026-04-08,0.5004391142727015
IN-WKA-WESTKAMENG__2026-04-09,Arunachal Pradesh,West Kameng,27.363,92.418,107.0,602.0,31,1840,0.46307692307692305,0.48,16,0.5,4,1,2026-04-09,0.5217606764230094
IN-WKA-WESTKAMENG__2026-04-10,Arunachal Pradesh,West Kameng,27.363,92.418,114.0,651.0,31,1840,0.5007692307692307,0.48,16,0.5,4,1,2026-04-10,0.5421073984181936
