region_id,state,district,latitude,longitude,date,rainfall_mm,temperature_c,source_mode
IN-ALA-ALAPPUZHA,Kerala,Alappuzha,9.4981,76.3388,20260301,2.17,28.31,downloaded
IN-ALA-ALAPPUZHA,Kerala,Alappuzha,9.4981,76.3388,20260302,0.47,28.09,downloaded
IN-ALA-ALAPPUZHA,Kerala,Alappuzha,9.4981,76.3388,20260303,1.75,28.48,downloaded
IN-ALA-ALAPPUZHA,Kerala,Alappuzha,9.4981,76.3388,20260304,0.25,28.5,downloaded
IN-ALA-ALAPPUZHA,Kerala,Alappuzha,9.4981,76.3388,20260305,0.22,28.42,downloaded
IN-ALA-ALAPPUZHA,Kerala,Alappuzha,9.4981,76.3388,20260306,1.27,28.47,downloaded
IN-ALA-ALAPPUZHA,Kerala,Alappuzha,9.4981,76.3388,20260307,2.37,28.27,downloaded
IN-ALA-ALAPPUZHA,Kerala,Alappuzha,9.4981,76.3388,20260308,2.13,28.62,downloaded
IN-ALA-ALAPPUZHA,Kerala,Alappuzha,9.4981,76.3388,20260309,3.59,28.42,downloaded
IN-ALA-ALAPPUZHA,Kerala,Alappuzha,9.4981,76.3388,20260310,0.49,28.87,downloaded
IN-ALA-ALAPPUZHA,Kerala,Alappuzha,9.4981,76.3388,20260311,2.58,28.67,downloaded
IN-ALA-ALAPPUZHA,Kerala,Alappuzha,9.4981,76.3388,20260312,3.79,28.42,downloaded
IN-ALA-ALAPPUZHA,Kerala,Alappuzha,9.4981,76.3388,20260313,1.19,28.77,downloaded
IN-ALA-ALAPPUZHA,Kerala,Alappuzha,9.4981,76.3388,20260314,2.82,28.52,downloaded
IN-ALA-ALAPPUZHA,Kerala,Alappuzha,9.4981,76.3388,20260315,2.35,28.61,downloaded
IN-ALA-ALAPPUZHA,Kerala,Alappuzha,9.4981,76.3388,20260316,3.02,28.52,downloaded
IN-ALA-ALAPPUZHA,Kerala,Alappuzha,9.4981,76.3388,20260317,3.11,28.41,downloaded
IN-ALA-ALAPPUZHA,Kerala,Alappuzha,9.4981,76.3388,20260318,8.01,28.21,downloaded
IN-ALA-ALAPPUZHA,Kerala,Alappuzha,9.4981,76.3388,20260319,4.92,27.95,downloaded
IN-ALA-ALAPPUZHA,Kerala,Alappuzha,9.4981,76.3388,20260320,0.72,28.48,downloaded
IN-ALA-ALAPPUZHA,Kerala,Alappuzha,9.4981,76.3388,20260321,3.03,28.67,downloaded
IN-ALA-ALAPPUZHA,Kerala,Alappuzha,9.4981,76.3388,20260322,2.89,28.52,downloaded
IN-ALA-ALAPPUZHA,Kerala,Alappuzha,9.4981,76.3388,20260323,0.93,28.88,downloaded
IN-ALA-ALAPPUZHA,Kerala,Alappuzha,9.4981,76.3388,20260324,2.3,29.0,downloaded
IN-ALA-ALAPPUZHA,Kerala,Alappuzha,9.4981,76.3388,20260325,1.69,29.48,downloaded
IN-ALA-ALAPPUZHA,Kerala,Alappuzha,9.4981,76.3388,20260326,0.78,29.92,downloaded
IN-ALA-ALAPPUZHA,Kerala,Alappuzha,9.4981,76.3388,20260327,1.59,29.45,downloaded
IN-ALA-ALAPPUZHA,Kerala,Alappuzha,9.4981,76.3388,20260328,3.79,29.15,downloaded
IN-ALA-ALAPPUZHA,Kerala,Alappuzha,9.4981,76.3388,20260329,2.89,29.34,downloaded
IN-ALA-ALAPPUZHA,Kerala,Alappuzha,9.4981,76.3388,20260330,2.01,29.49,downloaded
IN-ALA-ALAPPUZHA,Kerala,Alappuzha,9.4981,76.3388,20260331,2.68,29.63,downloaded
IN-ALA-ALAPPUZHA,Kerala,Alappuzha,9.4981,76.3388,20260401,1.22,29.68,downloaded
IN-ALA-ALAPPUZHA,Kerala,Alappuzha,9.4981,76.3388,20260402,1.53,29.33,downloaded
IN-ALA-ALAPPUZHA,Kerala,Alappuzha,9.4981,76.3388,20260403,5.25,29.05,downloaded
IN-ALA-ALAPPUZHA,Kerala,Alappuzha,9.4981,76.3388,20260404,2.23,29.14,downloaded
IN-ALA-ALAPPUZHA,Kerala,Alappuzha,9.4981,76.3388,20260405,4.36,29.38,downloaded
IN-ALA-ALAPPUZHA,Kerala,Alappuzha,9.4981,76.3388,20260406,2.51,29.47,downloaded
IN-ALA-ALAPPUZHA,Kerala,Alappuzha,9.4981,76.3388,20260407,0.04,29.31,downloaded
IN-ALA-ALAPPUZHA,Kerala,Alappuzha,9.4981,76.3388,20260408,-999.0,-999.0,downloaded
IN-ALA-ALAPPUZHA,Kerala,Alappuzha,9.4981,76.3388,20260409,-999.0,-999.0,downloaded
IN-ALA-ALAPPUZHA,Kerala,Alappuzha,9.4981,76.3388,20260410,-999.0,-999.0,downloaded
IN-ALM-ALMORA,Uttarakhand,Almora,29.5892,79.6467,20260301,0.0,18.74,downloaded
IN-ALM-ALMORA,Uttarakhand,Almora,29.5892,79.6467,20260302,0.0,19.13,downloaded
IN-ALM-ALMORA,Uttarakhand,Almora,29.5892,79.6467,20260303,0.0,20.39,downloaded
IN-ALM-ALMORA,Uttarakhand,Almora,29.5892,79.6467,20260304,0.0,21.52,downloaded
IN-ALM-ALMORA,Uttarakhand,Almora,29.5892,79.6467,20260305,0.0,21.88,downloaded
IN-ALM-ALMORA,Uttarakhand,Almora,29.5892,79.6467,20260306,0.0,21.66,downloaded
IN-ALM-ALMORA,Uttarakhand,Almora,29.5892,79.6467,20260307,0.0,22.11,downloaded
IN-ALM-ALMORA,Uttarakhand,Almora,29.5892,79.6467,20260308,0.0,22.6,downloaded
IN-ALM-ALMORA,Uttarakhand,Almora,29.5892,79.6467,20260309,0.0,22.56,downloaded
IN-ALM-ALMORA,Uttarakhand,Almora,29.5892,79.6467,20260310,0.0,22.41,downloaded
IN-ALM-ALMORA,Uttarakhand,Almora,29.5892,79.6467,20260311,0.0,22.86,downloaded
IN-ALM-ALMORA,Uttarakhand,Almora,29.5892,79.6467,20260312,0.0,23.32,downloaded
IN-ALM-ALMORA,Uttarakhand,Almora,29.5892,79.6467,20260313,0.0,22.18,downloaded
IN-ALM-ALMORA,Uttarakhand,Almora,29.5892,79.6467,20260314,0.0,22.35,downloaded
IN-ALM-ALMORA,Uttarakhand,Almora,29.5892,79.6467,20260315,0.97,19.81,downloaded
IN-ALM-ALMORA,Uttarakhand,Almora,29.5892,79.6467,20260316,0.29,19.89,downloaded
IN-ALM-ALMORA,Uttarakhand,Almora,29.5892,79.6467,20260317,0.0,19.8,downloaded
IN-ALM-ALMORA,Uttarakhand,Almora,29.5892,79.6467,20260318,0.02,20.87,downloaded
IN-ALM-ALMORA,Uttarakhand,Almora,29.5892,79.6467,20260319,1.49,17.75,downloaded
IN-ALM-ALMORA,Uttarakhand,Almora,29.5892,79.6467,20260320,28.13,12.78,downloaded
IN-ALM-ALMORA,Uttarakhand,Almora,29.5892,79.6467,20260321,1.02,16.46,downloaded
IN-ALM-ALMORA,Uttarakhand,Almora,29.5892,79.6467,20260322,0.0,18.79,downloaded
IN-ALM-ALMORA,Uttarakhand,Almora,29.5892,79.6467,20260323,0.06,19.81,downloaded
IN-ALM-ALMORA,Uttarakhand,Almora,29.5892,79.6467,20260324,0.0,20.02,downloaded
IN-ALM-ALMORA,Uttarakhand,Almora,29.5892,79.6467,20260325,0.0,21.16,downloaded
IN-ALM-ALMORA,Uttarakhand,Almora,29.5892,79.6467,20260326,0.0,23.0,downloaded
IN-ALM-ALMORA,Uttarakhand,Almora,29.5892,79.6467,20260327,0.13,22.52,downloaded
IN-ALM-ALMORA,Uttarakhand,Almora,29.5892,79.6467,20260328,0.0,22.14,downloaded
IN-ALM-ALMORA,Uttarakhand,Almora,29.5892,79.6467,20260329,0.02,23.45,downloaded
IN-ALM-ALMORA,Uttarakhand,Almora,29.5892,79.6467,20260330,0.2,23.95,downloaded
IN-ALM-ALMORA,Uttarakhand,Almora,29.5892,79.6467,20260331,0.16,24.69,downloaded
IN-ALM-ALMORA,Uttarakhand,Almora,29.5892,79.6467,20260401,0.0,23.7,downloaded
IN-ALM-ALMORA,Uttarakhand,Almora,29.5892,79.6467,20260402,0.0,24.76,downloaded
IN-ALM-ALMORA,Uttarakhand,Almora,29.5892,79.6467,20260403,0.91,25.07,downloaded
IN-ALM-ALMORA,Uttarakhand,Almora,29.5892,79.6467,20260404,1.05,21.61,downloaded
IN-ALM-ALMORA,Uttarakhand,Almora,29.5892,79.6467,20260405,1.12,21.06,downloaded
IN-ALM-ALMORA,Uttarakhand,Almora,29.5892,79.6467,20260406,0.29,21.09,downloaded
IN-ALM-ALMORA,Uttarakhand,Almora,29.5892,79.6467,20260407,0.59,21.35,downloaded
IN-ALM-ALMORA,Uttarakhand,Almora,29.5892,79.6467,20260408,-999.0,-999.0,downloaded
IN-ALM-ALMORA,Uttarakhand,Almora,29.5892,79.6467,20260409,-999.0,-999.0,downloaded
IN-ALM-ALMORA,Uttarakhand,Almora,29.5892,79.6467,20260410,-999.0,-999.0,downloaded
IN-BAG-BAGESHWAR,Uttarakhand,Bageshwar,29.8374,79.7714,20260301,0.0,5.57,downloaded
IN-BAG-BAGESHWAR,Uttarakhand,Bageshwar,29.8374,79.7714,20260302,0.0,6.54,downloaded
IN-BAG-BAGESHWAR,Uttarakhand,Bageshwar,29.8374,79.7714,20260303,0.0,8.37,downloaded
IN-BAG-BAGESHWAR,Uttarakhand,Bageshwar,29.8374,79.7714,20260304,0.0,10.36,downloaded
IN-BAG-BAGESHWAR,Uttarakhand,Bageshwar,29.8374,79.7714,20260305,0.0,11.81,downloaded
IN-BAG-BAGESHWAR,Uttarakhand,Bageshwar,29.8374,79.7714,20260306,0.0,11.23,downloaded
IN-BAG-BAGESHWAR,Uttarakhand,Bageshwar,29.8374,79.7714,20260307,0.0,11.46,downloaded
IN-BAG-BAGESHWAR,Uttarakhand,Bageshwar,29.8374,79.7714,20260308,0.0,11.54,downloaded
IN-BAG-BAGESHWAR,Uttarakhand,Bageshwar,29.8374,79.7714,20260309,0.01,11.42,downloaded
IN-BAG-BAGESHWAR,Uttarakhand,Bageshwar,29.8374,79.7714,20260310,0.0,11.47,downloaded
IN-BAG-BAGESHWAR,Uttarakhand,Bageshwar,29.8374,79.7714,20260311,0.0,12.09,downloaded
IN-BAG-BAGESHWAR,Uttarakhand,Bageshwar,29.8374,79.7714,20260312,0.22,11.69,downloaded
IN-BAG-BAGESHWAR,Uttarakhand,Bageshwar,29.8374,79.7714,20260313,0.02,10.43,downloaded
IN-BAG-BAGESHWAR,Uttarakhand,Bageshwar,29.8374,79.7714,20260314,0.3,10.03,downloaded
IN-BAG-BAGESHWAR,Uttarakhand,Bageshwar,29.8374,79.7714,20260315,4.28,6.32,downloaded
IN-BAG-BAGESHWAR,Uttarakhand,Bageshwar,29.8374,79.7714,20260316,3.01,5.54,downloaded
IN-BAG-BAGESHWAR,Uttarakhand,Bageshwar,29.8374,79.7714,20260317,0.14,5.46,downloaded
IN-BAG-BAGESHWAR,Uttarakhand,Bageshwar,29.8374,79.7714,20260318,0.54,6.75,downloaded
IN-BAG-BAGESHWAR,Uttarakhand,Bageshwar,29.8374,79.7714,20260319,13.16,5.84,downloaded
IN-BAG-BAGESHWAR,Uttarakhand,Bageshwar,29.8374,79.7714,20260320,64.35,1.75,downloaded
IN-BAG-BAGESHWAR,Uttarakhand,Bageshwar,29.8374,79.7714,20260321,1.13,4.92,downloaded
IN-BAG-BAGESHWAR,Uttarakhand,Bageshwar,29.8374,79.7714,20260322,0.12,5.92,downloaded
IN-BAG-BAGESHWAR,Uttarakhand,Bageshwar,29.8374,79.7714,20260323,2.81,6.03,downloaded
IN-BAG-BAGESHWAR,Uttarakhand,Bageshwar,29.8374,79.7714,20260324,0.21,6.56,downloaded
IN-BAG-BAGESHWAR,Uttarakhand,Bageshwar,29.8374,79.7714,20260325,0.01,6.83,downloaded
IN-BAG-BAGESHWAR,Uttarakhand,Bageshwar,29.8374,79.7714,20260326,0.03,9.33,downloaded
IN-BAG-BAGESHWAR,Uttarakhand,Bageshwar,29.8374,79.7714,20260327,0.9,8.63,downloaded
IN-BAG-BAGESHWAR,Uttarakhand,Bageshwar,29.8374,79.7714,20260328,0.29,8.77,downloaded
IN-BAG-BAGESHWAR,Uttarakhand,Bageshwar,29.8374,79.7714,20260329,0.73,9.93,downloaded
IN-BAG-BAGESHWAR,Uttarakhand,Bageshwar,29.8374,79.7714,20260330,0.29,10.91,downloaded
IN-BAG-BAGESHWAR,Uttarakhand,Bageshwar,29.8374,79.7714,20260331,3.13,10.95,downloaded
IN-BAG-BAGESHWAR,Uttarakhand,Bageshwar,29.8374,79.7714,20260401,0.63,9.89,downloaded
IN-BAG-BAGESHWAR,Uttarakhand,Bageshwar,29.8374,79.7714,20260402,0.04,11.13,downloaded
IN-BAG-BAGESHWAR,Uttarakhand,Bageshwar,29.8374,79.7714,20260403,0.67,11.03,downloaded
IN-BAG-BAGESHWAR,Uttarakhand,Bageshwar,29.8374,79.7714,20260404,6.06,7.89,downloaded
IN-BAG-BAGESHWAR,Uttarakhand,Bageshwar,29.8374,79.7714,20260405,6.2,6.38,downloaded
IN-BAG-BAGESHWAR,Uttarakhand,Bageshwar,29.8374,79.7714,20260406,5.52,6.5,downloaded
IN-BAG-BAGESHWAR,Uttarakhand,Bageshwar,29.8374,79.7714,20260407,1.14,6.89,downloaded
IN-BAG-BAGESHWAR,Uttarakhand,Bageshwar,29.8374,79.7714,20260408,-999.0,-999.0,downloaded
IN-BAG-BAGESHWAR,Uttarakhand,Bageshwar,29.8374,79.7714,20260409,-999.0,-999.0,downloaded
IN-BAG-BAGESHWAR,Uttarakhand,Bageshwar,29.8374,79.7714,20260410,-999.0,-999.0,downloaded
IN-CHA-CHAMOLI,Uttarakhand,Chamoli,30.42,79.32,20260301,0.01,-0.72,downloaded
IN-CHA-CHAMOLI,Uttarakhand,Chamoli,30.42,79.32,20260302,0.0,0.51,downloaded
IN-CHA-CHAMOLI,Uttarakhand,Chamoli,30.42,79.32,20260303,0.0,3.02,downloaded
IN-CHA-CHAMOLI,Uttarakhand,Chamoli,30.42,79.32,20260304,0.0,5.22,downloaded
IN-CHA-CHAMOLI,Uttarakhand,Chamoli,30.42,79.32,20260305,0.0,6.82,downloaded
IN-CHA-CHAMOLI,Uttarakhand,Chamoli,30.42,79.32,20260306,0.0,6.28,downloaded
IN-CHA-CHAMOLI,Uttarakhand,Chamoli,30.42,79.32,20260307,0.0,6.59,downloaded
IN-CHA-CHAMOLI,Uttarakhand,Chamoli,30.42,79.32,20260308,0.0,6.22,downloaded
IN-CHA-CHAMOLI,Uttarakhand,Chamoli,30.42,79.32,20260309,0.01,5.7,downloaded
IN-CHA-CHAMOLI,Uttarakhand,Chamoli,30.42,79.32,20260310,0.0,6.32,downloaded
IN-CHA-CHAMOLI,Uttarakhand,Chamoli,30.42,79.32,20260311,0.0,6.99,downloaded
IN-CHA-CHAMOLI,Uttarakhand,Chamoli,30.42,79.32,20260312,1.09,5.76,downloaded
IN-CHA-CHAMOLI,Uttarakhand,Chamoli,30.42,79.32,20260313,0.01,4.04,downloaded
IN-CHA-CHAMOLI,Uttarakhand,Chamoli,30.42,79.32,20260314,0.9,3.35,downloaded
IN-CHA-CHAMOLI,Uttarakhand,Chamoli,30.42,79.32,20260315,11.08,0.08,downloaded
IN-CHA-CHAMOLI,Uttarakhand,Chamoli,30.42,79.32,20260316,9.31,-1.2,downloaded
IN-CHA-CHAMOLI,Uttarakhand,Chamoli,30.42,79.32,20260317,0.37,-1.83,downloaded
IN-CHA-CHAMOLI,Uttarakhand,Chamoli,30.42,79.32,20260318,4.45,-0.99,downloaded
IN-CHA-CHAMOLI,Uttarakhand,Chamoli,30.42,79.32,20260319,21.6,0.52,downloaded
IN-CHA-CHAMOLI,Uttarakhand,Chamoli,30.42,79.32,20260320,55.68,-1.53,downloaded
IN-CHA-CHAMOLI,Uttarakhand,Chamoli,30.42,79.32,20260321,3.22,-0.04,downloaded
IN-CHA-CHAMOLI,Uttarakhand,Chamoli,30.42,79.32,20260322,0.06,-0.4,downloaded
IN-CHA-CHAMOLI,Uttarakhand,Chamoli,30.42,79.32,20260323,2.74,-0.36,downloaded
IN-CHA-CHAMOLI,Uttarakhand,Chamoli,30.42,79.32,20260324,0.2,0.2,downloaded
IN-CHA-CHAMOLI,Uttarakhand,Chamoli,30.42,79.32,20260325,0.01,-0.59,downloaded
IN-CHA-CHAMOLI,Uttarakhand,Chamoli,30.42,79.32,20260326,0.13,2.88,downloaded
IN-CHA-CHAMOLI,Uttarakhand,Chamoli,30.42,79.32,20260327,1.44,2.3,downloaded
IN-CHA-CHAMOLI,Uttarakhand,Chamoli,30.42,79.32,20260328,0.28,2.96,downloaded
IN-CHA-CHAMOLI,Uttarakhand,Chamoli,30.42,79.32,20260329,1.03,3.91,downloaded
IN-CHA-CHAMOLI,Uttarakhand,Chamoli,30.42,79.32,20260330,2.07,4.15,downloaded
IN-CHA-CHAMOLI,Uttarakhand,Chamoli,30.42,79.32,20260331,1.83,4.89,downloaded
IN-CHA-CHAMOLI,Uttarakhand,Chamoli,30.42,79.32,20260401,1.38,3.6,downloaded
IN-CHA-CHAMOLI,Uttarakhand,Chamoli,30.42,79.32,20260402,0.26,4.94,downloaded
IN-CHA-CHAMOLI,Uttarakhand,Chamoli,30.42,79.32,20260403,2.65,4.42,downloaded
IN-CHA-CHAMOLI,Uttarakhand,Chamoli,30.42,79.32,20260404,12.95,1.89,downloaded
IN-CHA-CHAMOLI,Uttarakhand,Chamoli,30.42,79.32,20260405,5.89,1.33,downloaded
IN-CHA-CHAMOLI,Uttarakhand,Chamoli,30.42,79.32,20260406,5.46,0.8,downloaded
IN-CHA-CHAMOLI,Uttarakhand,Chamoli,30.42,79.32,20260407,1.82,1.06,downloaded
IN-CHA-CHAMOLI,Uttarakhand,Chamoli,30.42,79.32,20260408,-999.0,-999.0,downloaded
IN-CHA-CHAMOLI,Uttarakhand,Chamoli,30.42,79.32,20260409,-999.0,-999.0,downloaded
IN-CHA-CHAMOLI,Uttarakhand,Chamoli,30.42,79.32,20260410,-999.0,-999.0,downloaded
IN-CHP-CHAMPAWAT,Uttarakhand,Champawat,29.336,80.091,20260301,0.0,16.17,downloaded
IN-CHP-CHAMPAWAT,Uttarakhand,Champawat,29.336,80.091,20260302,0.0,16.59,downloaded
IN-CHP-CHAMPAWAT,Uttarakhand,Champawat,29.336,80.091,20260303,0.0,17.69,downloaded
IN-CHP-CHAMPAWAT,Uttarakhand,Champawat,29.336,80.091,20260304,0.0,18.79,downloaded
IN-CHP-CHAMPAWAT,Uttarakhand,Champawat,29.336,80.091,20260305,0.0,19.27,downloaded
IN-CHP-CHAMPAWAT,Uttarakhand,Champawat,29.336,80.091,20260306,0.0,19.1,downloaded
IN-CHP-CHAMPAWAT,Uttarakhand,Champawat,29.336,80.091,20260307,0.0,19.64,downloaded
IN-CHP-CHAMPAWAT,Uttarakhand,Champawat,29.336,80.091,20260308,0.0,20.07,downloaded
IN-CHP-CHAMPAWAT,Uttarakhand,Champawat,29.336,80.091,20260309,0.0,19.7,downloaded
IN-CHP-CHAMPAWAT,Uttarakhand,Champawat,29.336,80.091,20260310,0.0,19.59,downloaded
IN-CHP-CHAMPAWAT,Uttarakhand,Champawat,29.336,80.091,20260311,0.0,20.43,downloaded
IN-CHP-CHAMPAWAT,Uttarakhand,Champawat,29.336,80.091,20260312,0.01,20.97,downloaded
IN-CHP-CHAMPAWAT,Uttarakhand,Champawat,29.336,80.091,20260313,0.0,19.84,downloaded
IN-CHP-CHAMPAWAT,Uttarakhand,Champawat,29.336,80.091,20260314,0.0,19.79,downloaded
IN-CHP-CHAMPAWAT,Uttarakhand,Champawat,29.336,80.091,20260315,0.94,16.86,downloaded
IN-CHP-CHAMPAWAT,Uttarakhand,Champawat,29.336,80.091,20260316,0.28,16.67,downloaded
IN-CHP-CHAMPAWAT,Uttarakhand,Champawat,29.336,80.091,20260317,0.0,16.66,downloaded
IN-CHP-CHAMPAWAT,Uttarakhand,Champawat,29.336,80.091,20260318,0.01,17.95,downloaded
IN-CHP-CHAMPAWAT,Uttarakhand,Champawat,29.336,80.091,20260319,2.17,15.8,downloaded
IN-CHP-CHAMPAWAT,Uttarakhand,Champawat,29.336,80.091,20260320,42.8,10.51,downloaded
IN-CHP-CHAMPAWAT,Uttarakhand,Champawat,29.336,80.091,20260321,2.57,13.73,downloaded
IN-CHP-CHAMPAWAT,Uttarakhand,Champawat,29.336,80.091,20260322,0.14,15.91,downloaded
IN-CHP-CHAMPAWAT,Uttarakhand,Champawat,29.336,80.091,20260323,0.39,16.84,downloaded
IN-CHP-CHAMPAWAT,Uttarakhand,Champawat,29.336,80.091,20260324,0.03,17.1,downloaded
IN-CHP-CHAMPAWAT,Uttarakhand,Champawat,29.336,80.091,20260325,0.0,18.34,downloaded
IN-CHP-CHAMPAWAT,Uttarakhand,Champawat,29.336,80.091,20260326,0.0,20.23,downloaded
IN-CHP-CHAMPAWAT,Uttarakhand,Champawat,29.336,80.091,20260327,0.41,20.06,downloaded
IN-CHP-CHAMPAWAT,Uttarakhand,Champawat,29.336,80.091,20260328,0.04,19.26,downloaded
IN-CHP-CHAMPAWAT,Uttarakhand,Champawat,29.336,80.091,20260329,0.11,20.62,downloaded
IN-CHP-CHAMPAWAT,Uttarakhand,Champawat,29.336,80.091,20260330,0.3,21.16,downloaded
IN-CHP-CHAMPAWAT,Uttarakhand,Champawat,29.336,80.091,20260331,0.65,21.76,downloaded
IN-CHP-CHAMPAWAT,Uttarakhand,Champawat,29.336,80.091,20260401,0.09,21.06,downloaded
IN-CHP-CHAMPAWAT,Uttarakhand,Champawat,29.336,80.091,20260402,0.0,22.1,downloaded
IN-CHP-CHAMPAWAT,Uttarakhand,Champawat,29.336,80.091,20260403,0.26,22.23,downloaded
IN-CHP-CHAMPAWAT,Uttarakhand,Champawat,29.336,80.091,20260404,0.9,19.04,downloaded
IN-CHP-CHAMPAWAT,Uttarakhand,Champawat,29.336,80.091,20260405,2.82,17.37,downloaded
IN-CHP-CHAMPAWAT,Uttarakhand,Champawat,29.336,80.091,20260406,1.22,17.45,downloaded
IN-CHP-CHAMPAWAT,Uttarakhand,Champawat,29.336,80.091,20260407,0.38,18.1,downloaded
IN-CHP-CHAMPAWAT,Uttarakhand,Champawat,29.336,80.091,20260408,-999.0,-999.0,downloaded
IN-CHP-CHAMPAWAT,Uttarakhand,Champawat,29.336,80.091,20260409,-999.0,-999.0,downloaded
IN-CHP-CHAMPAWAT,Uttarakhand,Champawat,29.336,80.091,20260410,-999.0,-999.0,downloaded
IN-DEH-DEHRADUN,Uttarakhand,Dehradun,30.3165,78.0322,20260301,0.0,14.61,downloaded
IN-DEH-DEHRADUN,Uttarakhand,Dehradun,30.3165,78.0322,20260302,0.0,15.21,downloaded
IN-DEH-DEHRADUN,Uttarakhand,Dehradun,30.3165,78.0322,20260303,0.0,16.8,downloaded
IN-DEH-DEHRADUN,Uttarakhand,Dehradun,30.3165,78.0322,20260304,0.0,18.43,downloaded
IN-DEH-DEHRADUN,Uttarakhand,Dehradun,30.3165,78.0322,20260305,0.0,19.35,downloaded
IN-DEH-DEHRADUN,Uttarakhand,Dehradun,30.3165,78.0322,20260306,0.0,19.05,downloaded
IN-DEH-DEHRADUN,Uttarakhand,Dehradun,30.3165,78.0322,20260307,0.0,19.24,downloaded
IN-DEH-DEHRADUN,Uttarakhand,Dehradun,30.3165,78.0322,20260308,0.0,19.46,downloaded
IN-DEH-DEHRADUN,Uttarakhand,Dehradun,30.3165,78.0322,20260309,0.0,19.64,downloaded
IN-DEH-DEHRADUN,Uttarakhand,Dehradun,30.3165,78.0322,20260310,0.0,19.28,downloaded
IN-DEH-DEHRADUN,Uttarakhand,Dehradun,30.3165,78.0322,20260311,0.0,19.52,downloaded
IN-DEH-DEHRADUN,Uttarakhand,Dehradun,30.3165,78.0322,20260312,0.09,19.53,downloaded
IN-DEH-DEHRADUN,Uttarakhand,Dehradun,30.3165,78.0322,20260313,0.0,17.88,downloaded
IN-DEH-DEHRADUN,Uttarakhand,Dehradun,30.3165,78.0322,20260314,0.03,17.54,downloaded
IN-DEH-DEHRADUN,Uttarakhand,Dehradun,30.3165,78.0322,20260315,5.35,14.5,downloaded
IN-DEH-DEHRADUN,Uttarakhand,Dehradun,30.3165,78.0322,20260316,2.81,13.95,downloaded
IN-DEH-DEHRADUN,Uttarakhand,Dehradun,30.3165,78.0322,20260317,0.0,13.67,downloaded
IN-DEH-DEHRADUN,Uttarakhand,Dehradun,30.3165,78.0322,20260318,1.84,14.99,downloaded
IN-DEH-DEHRADUN,Uttarakhand,Dehradun,30.3165,78.0322,20260319,13.02,12.65,downloaded
IN-DEH-DEHRADUN,Uttarakhand,Dehradun,30.3165,78.0322,20260320,34.53,9.94,downloaded
IN-DEH-DEHRADUN,Uttarakhand,Dehradun,30.3165,78.0322,20260321,0.22,13.56,downloaded
IN-DEH-DEHRADUN,Uttarakhand,Dehradun,30.3165,78.0322,20260322,0.0,14.9,downloaded
IN-DEH-DEHRADUN,Uttarakhand,Dehradun,30.3165,78.0322,20260323,0.36,15.53,downloaded
IN-DEH-DEHRADUN,Uttarakhand,Dehradun,30.3165,78.0322,20260324,0.0,15.55,downloaded
IN-DEH-DEHRADUN,Uttarakhand,Dehradun,30.3165,78.0322,20260325,0.0,16.69,downloaded
IN-DEH-DEHRADUN,Uttarakhand,Dehradun,30.3165,78.0322,20260326,0.01,19.05,downloaded
IN-DEH-DEHRADUN,Uttarakhand,Dehradun,30.3165,78.0322,20260327,0.64,18.31,downloaded
IN-DEH-DEHRADUN,Uttarakhand,Dehradun,30.3165,78.0322,20260328,0.01,17.79,downloaded
IN-DEH-DEHRADUN,Uttarakhand,Dehradun,30.3165,78.0322,20260329,0.22,18.4,downloaded
IN-DEH-DEHRADUN,Uttarakhand,Dehradun,30.3165,78.0322,20260330,1.1,18.89,downloaded
IN-DEH-DEHRADUN,Uttarakhand,Dehradun,30.3165,78.0322,20260331,0.24,19.88,downloaded
IN-DEH-DEHRADUN,Uttarakhand,Dehradun,30.3165,78.0322,20260401,0.08,18.34,downloaded
IN-DEH-DEHRADUN,Uttarakhand,Dehradun,30.3165,78.0322,20260402,0.03,20.14,downloaded
IN-DEH-DEHRADUN,Uttarakhand,Dehradun,30.3165,78.0322,20260403,1.64,20.16,downloaded
IN-DEH-DEHRADUN,Uttarakhand,Dehradun,30.3165,78.0322,20260404,1.74,17.01,downloaded
IN-DEH-DEHRADUN,Uttarakhand,Dehradun,30.3165,78.0322,20260405,1.32,16.69,downloaded
IN-DEH-DEHRADUN,Uttarakhand,Dehradun,30.3165,78.0322,20260406,0.86,16.83,downloaded
IN-DEH-DEHRADUN,Uttarakhand,Dehradun,30.3165,78.0322,20260407,2.36,16.24,downloaded
IN-DEH-DEHRADUN,Uttarakhand,Dehradun,30.3165,78.0322,20260408,-999.0,-999.0,downloaded
IN-DEH-DEHRADUN,Uttarakhand,Dehradun,30.3165,78.0322,20260409,-999.0,-999.0,downloaded
IN-DEH-DEHRADUN,Uttarakhand,Dehradun,30.3165,78.0322,20260410,-999.0,-999.0,downloaded
IN-ERN-ERNAKULAM,Kerala,Ernakulam,9.9816,76.2999,20260301,2.28,27.82,downloaded
IN-ERN-ERNAKULAM,Kerala,Ernakulam,9.9816,76.2999,20260302,0.63,27.72,downloaded
IN-ERN-ERNAKULAM,Kerala,Ernakulam,9.9816,76.2999,20260303,0.8,28.31,downloaded
IN-ERN-ERNAKULAM,Kerala,Ernakulam,9.9816,76.2999,20260304,0.39,28.27,downloaded
IN-ERN-ERNAKULAM,Kerala,Ernakulam,9.9816,76.2999,20260305,0.35,28.22,downloaded
IN-ERN-ERNAKULAM,Kerala,Ernakulam,9.9816,76.2999,20260306,0.79,28.21,downloaded
IN-ERN-ERNAKULAM,Kerala,Ernakulam,9.9816,76.2999,20260307,2.41,27.99,downloaded
IN-ERN-ERNAKULAM,Kerala,Ernakulam,9.9816,76.2999,20260308,1.83,28.59,downloaded
IN-ERN-ERNAKULAM,Kerala,Ernakulam,9.9816,76.2999,20260309,2.75,28.44,downloaded
IN-ERN-ERNAKULAM,Kerala,Ernakulam,9.9816,76.2999,20260310,0.64,28.72,downloaded
IN-ERN-ERNAKULAM,Kerala,Ernakulam,9.9816,76.2999,20260311,1.99,28.52,downloaded
IN-ERN-ERNAKULAM,Kerala,Ernakulam,9.9816,76.2999,20260312,2.1,28.54,downloaded
IN-ERN-ERNAKULAM,Kerala,Ernakulam,9.9816,76.2999,20260313,0.65,28.87,downloaded
IN-ERN-ERNAKULAM,Kerala,Ernakulam,9.9816,76.2999,20260314,4.18,28.45,downloaded
IN-ERN-ERNAKULAM,Kerala,Ernakulam,9.9816,76.2999,20260315,2.84,28.28,downloaded
IN-ERN-ERNAKULAM,Kerala,Ernakulam,9.9816,76.2999,20260316,3.39,28.33,downloaded
IN-ERN-ERNAKULAM,Kerala,Ernakulam,9.9816,76.2999,20260317,2.61,28.05,downloaded
IN-ERN-ERNAKULAM,Kerala,Ernakulam,9.9816,76.2999,20260318,8.57,27.67,downloaded
IN-ERN-ERNAKULAM,Kerala,Ernakulam,9.9816,76.2999,20260319,5.08,27.36,downloaded
IN-ERN-ERNAKULAM,Kerala,Ernakulam,9.9816,76.2999,20260320,0.75,28.1,downloaded
IN-ERN-ERNAKULAM,Kerala,Ernakulam,9.9816,76.2999,20260321,2.55,28.53,downloaded
IN-ERN-ERNAKULAM,Kerala,Ernakulam,9.9816,76.2999,20260322,3.31,28.09,downloaded
IN-ERN-ERNAKULAM,Kerala,Ernakulam,9.9816,76.2999,20260323,1.09,28.74,downloaded
IN-ERN-ERNAKULAM,Kerala,Ernakulam,9.9816,76.2999,20260324,2.1,28.9,downloaded
IN-ERN-ERNAKULAM,Kerala,Ernakulam,9.9816,76.2999,20260325,1.71,29.46,downloaded
IN-ERN-ERNAKULAM,Kerala,Ernakulam,9.9816,76.2999,20260326,1.24,29.92,downloaded
IN-ERN-ERNAKULAM,Kerala,Ernakulam,9.9816,76.2999,20260327,2.06,29.39,downloaded
IN-ERN-ERNAKULAM,Kerala,Ernakulam,9.9816,76.2999,20260328,4.14,28.68,downloaded
IN-ERN-ERNAKULAM,Kerala,Ernakulam,9.9816,76.2999,20260329,2.6,29.06,downloaded
IN-ERN-ERNAKULAM,Kerala,Ernakulam,9.9816,76.2999,20260330,2.94,29.09,downloaded
IN-ERN-ERNAKULAM,Kerala,Ernakulam,9.9816,76.2999,20260331,2.28,29.41,downloaded
IN-ERN-ERNAKULAM,Kerala,Ernakulam,9.9816,76.2999,20260401,1.36,29.5,downloaded
IN-ERN-ERNAKULAM,Kerala,Ernakulam,9.9816,76.2999,20260402,1.81,29.11,downloaded
IN-ERN-ERNAKULAM,Kerala,Ernakulam,9.9816,76.2999,20260403,5.72,28.73,downloaded
IN-ERN-ERNAKULAM,Kerala,Ernakulam,9.9816,76.2999,20260404,2.85,28.61,downloaded
IN-ERN-ERNAKULAM,Kerala,Ernakulam,9.9816,76.2999,20260405,5.43,28.81,downloaded
IN-ERN-ERNAKULAM,Kerala,Ernakulam,9.9816,76.2999,20260406,2.67,28.66,downloaded
IN-ERN-ERNAKULAM,Kerala,Ernakulam,9.9816,76.2999,20260407,0.01,28.74,downloaded
IN-ERN-ERNAKULAM,Kerala,Ernakulam,9.9816,76.2999,20260408,-999.0,-999.0,downloaded
IN-ERN-ERNAKULAM,Kerala,Ernakulam,9.9816,76.2999,20260409,-999.0,-999.0,downloaded
IN-ERN-ERNAKULAM,Kerala,Ernakulam,9.9816,76.2999,20260410,-999.0,-999.0,downloaded
IN-HAR-HARIDWAR,Uttarakhand,Haridwar,29.9457,78.1642,20260301,0.0,20.24,downloaded
IN-HAR-HARIDWAR,Uttarakhand,Haridwar,29.9457,78.1642,20260302,0.0,20.45,downloaded
IN-HAR-HARIDWAR,Uttarakhand,Haridwar,29.9457,78.1642,20260303,0.0,21.65,downloaded
IN-HAR-HARIDWAR,Uttarakhand,Haridwar,29.9457,78.1642,20260304,0.0,22.76,downloaded
IN-HAR-HARIDWAR,Uttarakhand,Haridwar,29.9457,78.1642,20260305,0.0,23.81,downloaded
IN-HAR-HARIDWAR,Uttarakhand,Haridwar,29.9457,78.1642,20260306,0.0,23.55,downloaded
IN-HAR-HARIDWAR,Uttarakhand,Haridwar,29.9457,78.1642,20260307,0.0,24.38,downloaded
IN-HAR-HARIDWAR,Uttarakhand,Haridwar,29.9457,78.1642,20260308,0.0,24.25,downloaded
IN-HAR-HARIDWAR,Uttarakhand,Haridwar,29.9457,78.1642,20260309,0.0,25.2,downloaded
IN-HAR-HARIDWAR,Uttarakhand,Haridwar,29.9457,78.1642,20260310,0.0,24.8,downloaded
IN-HAR-HARIDWAR,Uttarakhand,Haridwar,29.9457,78.1642,20260311,0.0,25.08,downloaded
IN-HAR-HARIDWAR,Uttarakhand,Haridwar,29.9457,78.1642,20260312,0.01,25.12,downloaded
IN-HAR-HARIDWAR,Uttarakhand,Haridwar,29.9457,78.1642,20260313,0.0,23.76,downloaded
IN-HAR-HARIDWAR,Uttarakhand,Haridwar,29.9457,78.1642,20260314,0.0,23.55,downloaded
IN-HAR-HARIDWAR,Uttarakhand,Haridwar,29.9457,78.1642,20260315,1.0,21.7,downloaded
IN-HAR-HARIDWAR,Uttarakhand,Haridwar,29.9457,78.1642,20260316,0.35,21.82,downloaded
IN-HAR-HARIDWAR,Uttarakhand,Haridwar,29.9457,78.1642,20260317,0.0,21.31,downloaded
IN-HAR-HARIDWAR,Uttarakhand,Haridwar,29.9457,78.1642,20260318,0.07,22.62,downloaded
IN-HAR-HARIDWAR,Uttarakhand,Haridwar,29.9457,78.1642,20260319,1.58,19.65,downloaded
IN-HAR-HARIDWAR,Uttarakhand,Haridwar,29.9457,78.1642,20260320,19.2,15.05,downloaded
IN-HAR-HARIDWAR,Uttarakhand,Haridwar,29.9457,78.1642,20260321,0.03,18.8,downloaded
IN-HAR-HARIDWAR,Uttarakhand,Haridwar,29.9457,78.1642,20260322,0.0,20.82,downloaded
IN-HAR-HARIDWAR,Uttarakhand,Haridwar,29.9457,78.1642,20260323,0.01,21.96,downloaded
IN-HAR-HARIDWAR,Uttarakhand,Haridwar,29.9457,78.1642,20260324,0.0,22.24,downloaded
IN-HAR-HARIDWAR,Uttarakhand,Haridwar,29.9457,78.1642,20260325,0.0,23.26,downloaded
IN-HAR-HARIDWAR,Uttarakhand,Haridwar,29.9457,78.1642,20260326,0.0,25.58,downloaded
IN-HAR-HARIDWAR,Uttarakhand,Haridwar,29.9457,78.1642,20260327,0.1,24.89,downloaded
IN-HAR-HARIDWAR,Uttarakhand,Haridwar,29.9457,78.1642,20260328,0.0,24.26,downloaded
IN-HAR-HARIDWAR,Uttarakhand,Haridwar,29.9457,78.1642,20260329,0.01,25.39,downloaded
IN-HAR-HARIDWAR,Uttarakhand,Haridwar,29.9457,78.1642,20260330,0.57,25.94,downloaded
IN-HAR-HARIDWAR,Uttarakhand,Haridwar,29.9457,78.1642,20260331,0.12,26.35,downloaded
IN-HAR-HARIDWAR,Uttarakhand,Haridwar,29.9457,78.1642,20260401,0.0,24.92,downloaded
IN-HAR-HARIDWAR,Uttarakhand,Haridwar,29.9457,78.1642,20260402,0.0,26.75,downloaded
IN-HAR-HARIDWAR,Uttarakhand,Haridwar,29.9457,78.1642,20260403,1.88,26.83,downloaded
IN-HAR-HARIDWAR,Uttarakhand,Haridwar,29.9457,78.1642,20260404,0.57,23.95,downloaded
IN-HAR-HARIDWAR,Uttarakhand,Haridwar,29.9457,78.1642,20260405,0.38,23.76,downloaded
IN-HAR-HARIDWAR,Uttarakhand,Haridwar,29.9457,78.1642,20260406,0.28,23.85,downloaded
IN-HAR-HARIDWAR,Uttarakhand,Haridwar,29.9457,78.1642,20260407,3.56,23.62,downloaded
IN-HAR-HARIDWAR,Uttarakhand,Haridwar,29.9457,78.1642,20260408,-999.0,-999.0,downloaded
IN-HAR-HARIDWAR,Uttarakhand,Haridwar,29.9457,78.1642,20260409,-999.0,-999.0,downloaded
IN-HAR-HARIDWAR,Uttarakhand,Haridwar,29.9457,78.1642,20260410,-999.0,-999.0,downloaded
IN-IDU-IDUKKI,Kerala,Idukki,10.0889,77.0595,20260301,0.42,25.98,downloaded
IN-IDU-IDUKKI,Kerala,Idukki,10.0889,77.0595,20260302,0.08,25.89,downloaded
IN-IDU-IDUKKI,Kerala,Idukki,10.0889,77.0595,20260303,0.12,25.79,downloaded
IN-IDU-IDUKKI,Kerala,Idukki,10.0889,77.0595,20260304,0.06,25.58,downloaded
IN-IDU-IDUKKI,Kerala,Idukki,10.0889,77.0595,20260305,0.06,25.98,downloaded
IN-IDU-IDUKKI,Kerala,Idukki,10.0889,77.0595,20260306,0.68,26.01,downloaded
IN-IDU-IDUKKI,Kerala,Idukki,10.0889,77.0595,20260307,1.24,26.25,downloaded
IN-IDU-IDUKKI,Kerala,Idukki,10.0889,77.0595,20260308,0.54,26.63,downloaded
IN-IDU-IDUKKI,Kerala,Idukki,10.0889,77.0595,20260309,0.68,26.11,downloaded
IN-IDU-IDUKKI,Kerala,Idukki,10.0889,77.0595,20260310,0.63,25.48,downloaded
IN-IDU-IDUKKI,Kerala,Idukki,10.0889,77.0595,20260311,0.63,25.77,downloaded
IN-IDU-IDUKKI,Kerala,Idukki,10.0889,77.0595,20260312,0.39,26.76,downloaded
IN-IDU-IDUKKI,Kerala,Idukki,10.0889,77.0595,20260313,0.11,26.89,downloaded
IN-IDU-IDUKKI,Kerala,Idukki,10.0889,77.0595,20260314,0.74,26.75,downloaded
IN-IDU-IDUKKI,Kerala,Idukki,10.0889,77.0595,20260315,0.86,26.62,downloaded
IN-IDU-IDUKKI,Kerala,Idukki,10.0889,77.0595,20260316,2.69,26.31,downloaded
IN-IDU-IDUKKI,Kerala,Idukki,10.0889,77.0595,20260317,3.94,25.95,downloaded
IN-IDU-IDUKKI,Kerala,Idukki,10.0889,77.0595,20260318,5.67,25.24,downloaded
IN-IDU-IDUKKI,Kerala,Idukki,10.0889,77.0595,20260319,6.19,24.48,downloaded
IN-IDU-IDUKKI,Kerala,Idukki,10.0889,77.0595,20260320,0.15,26.18,downloaded
IN-IDU-IDUKKI,Kerala,Idukki,10.0889,77.0595,20260321,1.22,27.02,downloaded
IN-IDU-IDUKKI,Kerala,Idukki,10.0889,77.0595,20260322,0.6,26.97,downloaded
IN-IDU-IDUKKI,Kerala,Idukki,10.0889,77.0595,20260323,0.29,27.54,downloaded
IN-IDU-IDUKKI,Kerala,Idukki,10.0889,77.0595,20260324,0.53,27.51,downloaded
IN-IDU-IDUKKI,Kerala,Idukki,10.0889,77.0595,20260325,0.43,27.83,downloaded
IN-IDU-IDUKKI,Kerala,Idukki,10.0889,77.0595,20260326,0.19,28.22,downloaded
IN-IDU-IDUKKI,Kerala,Idukki,10.0889,77.0595,20260327,1.05,27.78,downloaded
IN-IDU-IDUKKI,Kerala,Idukki,10.0889,77.0595,20260328,4.29,26.74,downloaded
IN-IDU-IDUKKI,Kerala,Idukki,10.0889,77.0595,20260329,1.73,27.83,downloaded
IN-IDU-IDUKKI,Kerala,Idukki,10.0889,77.0595,20260330,0.68,27.61,downloaded
IN-IDU-IDUKKI,Kerala,Idukki,10.0889,77.0595,20260331,0.87,27.82,downloaded
IN-IDU-IDUKKI,Kerala,Idukki,10.0889,77.0595,20260401,0.56,27.35,downloaded
IN-IDU-IDUKKI,Kerala,Idukki,10.0889,77.0595,20260402,0.58,27.44,downloaded
IN-IDU-IDUKKI,Kerala,Idukki,10.0889,77.0595,20260403,4.46,26.82,downloaded
IN-IDU-IDUKKI,Kerala,Idukki,10.0889,77.0595,20260404,7.15,25.97,downloaded
IN-IDU-IDUKKI,Kerala,Idukki,10.0889,77.0595,20260405,11.35,25.68,downloaded
IN-IDU-IDUKKI,Kerala,Idukki,10.0889,77.0595,20260406,5.13,24.81,downloaded
IN-IDU-IDUKKI,Kerala,Idukki,10.0889,77.0595,20260407,0.33,27.03,downloaded
IN-IDU-IDUKKI,Kerala,Idukki,10.0889,77.0595,20260408,-999.0,-999.0,downloaded
IN-IDU-IDUKKI,Kerala,Idukki,10.0889,77.0595,20260409,-999.0,-999.0,downloaded
IN-IDU-IDUKKI,Kerala,Idukki,10.0889,77.0595,20260410,-999.0,-999.0,downloaded
IN-KAN-KANNUR,Kerala,Kannur,11.8745,75.3704,20260301,0.19,26.16,downloaded
IN-KAN-KANNUR,Kerala,Kannur,11.8745,75.3704,20260302,0.12,26.55,downloaded
IN-KAN-KANNUR,Kerala,Kannur,11.8745,75.3704,20260303,0.52,26.94,downloaded
IN-KAN-KANNUR,Kerala,Kannur,11.8745,75.3704,20260304,0.37,27.01,downloaded
IN-KAN-KANNUR,Kerala,Kannur,11.8745,75.3704,20260305,0.3,27.18,downloaded
IN-KAN-KANNUR,Kerala,Kannur,11.8745,75.3704,20260306,0.91,27.01,downloaded
IN-KAN-KANNUR,Kerala,Kannur,11.8745,75.3704,20260307,1.04,26.92,downloaded
IN-KAN-KANNUR,Kerala,Kannur,11.8745,75.3704,20260308,1.13,27.12,downloaded
IN-KAN-KANNUR,Kerala,Kannur,11.8745,75.3704,20260309,1.52,27.31,downloaded
IN-KAN-KANNUR,Kerala,Kannur,11.8745,75.3704,20260310,0.59,27.3,downloaded
IN-KAN-KANNUR,Kerala,Kannur,11.8745,75.3704,20260311,0.66,26.96,downloaded
IN-KAN-KANNUR,Kerala,Kannur,11.8745,75.3704,20260312,0.45,27.86,downloaded
IN-KAN-KANNUR,Kerala,Kannur,11.8745,75.3704,20260313,0.66,27.7,downloaded
IN-KAN-KANNUR,Kerala,Kannur,11.8745,75.3704,20260314,1.45,27.28,downloaded
IN-KAN-KANNUR,Kerala,Kannur,11.8745,75.3704,20260315,2.13,27.17,downloaded
IN-KAN-KANNUR,Kerala,Kannur,11.8745,75.3704,20260316,3.81,26.64,downloaded
IN-KAN-KANNUR,Kerala,Kannur,11.8745,75.3704,20260317,3.2,25.85,downloaded
IN-KAN-KANNUR,Kerala,Kannur,11.8745,75.3704,20260318,3.37,25.62,downloaded
IN-KAN-KANNUR,Kerala,Kannur,11.8745,75.3704,20260319,2.06,25.41,downloaded
IN-KAN-KANNUR,Kerala,Kannur,11.8745,75.3704,20260320,0.26,26.23,downloaded
IN-KAN-KANNUR,Kerala,Kannur,11.8745,75.3704,20260321,1.34,27.0,downloaded
IN-KAN-KANNUR,Kerala,Kannur,11.8745,75.3704,20260322,3.47,26.56,downloaded
IN-KAN-KANNUR,Kerala,Kannur,11.8745,75.3704,20260323,1.72,27.13,downloaded
IN-KAN-KANNUR,Kerala,Kannur,11.8745,75.3704,20260324,2.56,26.96,downloaded
IN-KAN-KANNUR,Kerala,Kannur,11.8745,75.3704,20260325,1.84,27.34,downloaded
IN-KAN-KANNUR,Kerala,Kannur,11.8745,75.3704,20260326,0.81,28.33,downloaded
IN-KAN-KANNUR,Kerala,Kannur,11.8745,75.3704,20260327,1.3,28.2,downloaded
IN-KAN-KANNUR,Kerala,Kannur,11.8745,75.3704,20260328,4.46,27.29,downloaded
IN-KAN-KANNUR,Kerala,Kannur,11.8745,75.3704,20260329,4.47,27.62,downloaded
IN-KAN-KANNUR,Kerala,Kannur,11.8745,75.3704,20260330,3.05,27.16,downloaded
IN-KAN-KANNUR,Kerala,Kannur,11.8745,75.3704,20260331,2.34,27.4,downloaded
IN-KAN-KANNUR,Kerala,Kannur,11.8745,75.3704,20260401,1.56,27.42,downloaded
IN-KAN-KANNUR,Kerala,Kannur,11.8745,75.3704,20260402,1.44,27.48,downloaded
IN-KAN-KANNUR,Kerala,Kannur,11.8745,75.3704,20260403,3.12,27.39,downloaded
IN-KAN-KANNUR,Kerala,Kannur,11.8745,75.3704,20260404,4.87,26.81,downloaded
IN-KAN-KANNUR,Kerala,Kannur,11.8745,75.3704,20260405,4.87,26.74,downloaded
IN-KAN-KANNUR,Kerala,Kannur,11.8745,75.3704,20260406,1.19,27.32,downloaded
IN-KAN-KANNUR,Kerala,Kannur,11.8745,75.3704,20260407,0.0,27.04,downloaded
IN-KAN-KANNUR,Kerala,Kannur,11.8745,75.3704,20260408,-999.0,-999.0,downloaded
IN-KAN-KANNUR,Kerala,Kannur,11.8745,75.3704,20260409,-999.0,-999.0,downloaded
IN-KAN-KANNUR,Kerala,Kannur,11.8745,75.3704,20260410,-999.0,-999.0,downloaded
IN-KAS-KASARAGOD,Kerala,Kasaragod,12.4996,74.9869,20260301,0.11,27.04,downloaded
IN-KAS-KASARAGOD,Kerala,Kasaragod,12.4996,74.9869,20260302,0.08,27.45,downloaded
IN-KAS-KASARAGOD,Kerala,Kasaragod,12.4996,74.9869,20260303,0.05,27.84,downloaded
IN-KAS-KASARAGOD,Kerala,Kasaragod,12.4996,74.9869,20260304,0.22,28.15,downloaded
IN-KAS-KASARAGOD,Kerala,Kasaragod,12.4996,74.9869,20260305,0.27,28.04,downloaded
IN-KAS-KASARAGOD,Kerala,Kasaragod,12.4996,74.9869,20260306,0.69,27.76,downloaded
IN-KAS-KASARAGOD,Kerala,Kasaragod,12.4996,74.9869,20260307,0.73,27.85,downloaded
IN-KAS-KASARAGOD,Kerala,Kasaragod,12.4996,74.9869,20260308,0.86,27.78,downloaded
IN-KAS-KASARAGOD,Kerala,Kasaragod,12.4996,74.9869,20260309,1.28,28.06,downloaded
IN-KAS-KASARAGOD,Kerala,Kasaragod,12.4996,74.9869,20260310,1.44,28.13,downloaded
IN-KAS-KASARAGOD,Kerala,Kasaragod,12.4996,74.9869,20260311,0.81,28.05,downloaded
IN-KAS-KASARAGOD,Kerala,Kasaragod,12.4996,74.9869,20260312,0.49,28.56,downloaded
IN-KAS-KASARAGOD,Kerala,Kasaragod,12.4996,74.9869,20260313,0.95,28.39,downloaded
IN-KAS-KASARAGOD,Kerala,Kasaragod,12.4996,74.9869,20260314,2.16,28.01,downloaded
IN-KAS-KASARAGOD,Kerala,Kasaragod,12.4996,74.9869,20260315,2.63,28.13,downloaded
IN-KAS-KASARAGOD,Kerala,Kasaragod,12.4996,74.9869,20260316,3.89,27.75,downloaded
IN-KAS-KASARAGOD,Kerala,Kasaragod,12.4996,74.9869,20260317,2.53,27.06,downloaded
IN-KAS-KASARAGOD,Kerala,Kasaragod,12.4996,74.9869,20260318,4.14,26.76,downloaded
IN-KAS-KASARAGOD,Kerala,Kasaragod,12.4996,74.9869,20260319,2.81,26.57,downloaded
IN-KAS-KASARAGOD,Kerala,Kasaragod,12.4996,74.9869,20260320,0.81,27.34,downloaded
IN-KAS-KASARAGOD,Kerala,Kasaragod,12.4996,74.9869,20260321,1.13,28.13,downloaded
IN-KAS-KASARAGOD,Kerala,Kasaragod,12.4996,74.9869,20260322,1.89,27.84,downloaded
IN-KAS-KASARAGOD,Kerala,Kasaragod,12.4996,74.9869,20260323,3.6,27.78,downloaded
IN-KAS-KASARAGOD,Kerala,Kasaragod,12.4996,74.9869,20260324,4.65,27.5,downloaded
IN-KAS-KASARAGOD,Kerala,Kasaragod,12.4996,74.9869,20260325,3.11,28.14,downloaded
IN-KAS-KASARAGOD,Kerala,Kasaragod,12.4996,74.9869,20260326,1.53,29.05,downloaded
IN-KAS-KASARAGOD,Kerala,Kasaragod,12.4996,74.9869,20260327,1.18,28.74,downloaded
IN-KAS-KASARAGOD,Kerala,Kasaragod,12.4996,74.9869,20260328,3.6,28.63,downloaded
IN-KAS-KASARAGOD,Kerala,Kasaragod,12.4996,74.9869,20260329,2.63,28.89,downloaded
IN-KAS-KASARAGOD,Kerala,Kasaragod,12.4996,74.9869,20260330,1.83,28.35,downloaded
IN-KAS-KASARAGOD,Kerala,Kasaragod,12.4996,74.9869,20260331,4.2,28.37,downloaded
IN-KAS-KASARAGOD,Kerala,Kasaragod,12.4996,74.9869,20260401,2.71,28.39,downloaded
IN-KAS-KASARAGOD,Kerala,Kasaragod,12.4996,74.9869,20260402,3.1,28.57,downloaded
IN-KAS-KASARAGOD,Kerala,Kasaragod,12.4996,74.9869,20260403,3.33,28.51,downloaded
IN-KAS-KASARAGOD,Kerala,Kasaragod,12.4996,74.9869,20260404,2.66,28.26,downloaded
IN-KAS-KASARAGOD,Kerala,Kasaragod,12.4996,74.9869,20260405,0.66,28.42,downloaded
IN-KAS-KASARAGOD,Kerala,Kasaragod,12.4996,74.9869,20260406,0.21,28.57,downloaded
IN-KAS-KASARAGOD,Kerala,Kasaragod,12.4996,74.9869,20260407,0.0,27.83,downloaded
IN-KAS-KASARAGOD,Kerala,Kasaragod,12.4996,74.9869,20260408,-999.0,-999.0,downloaded
IN-KAS-KASARAGOD,Kerala,Kasaragod,12.4996,74.9869,20260409,-999.0,-999.0,downloaded
IN-KAS-KASARAGOD,Kerala,Kasaragod,12.4996,74.9869,20260410,-999.0,-999.0,downloaded
IN-KOL-KOLLAM,Kerala,Kollam,8.8932,76.6141,20260301,0.42,27.36,downloaded
IN-KOL-KOLLAM,Kerala,Kollam,8.8932,76.6141,20260302,0.03,27.55,downloaded
IN-KOL-KOLLAM,Kerala,Kollam,8.8932,76.6141,20260303,0.35,27.2,downloaded
IN-KOL-KOLLAM,Kerala,Kollam,8.8932,76.6141,20260304,0.01,26.8,downloaded
IN-KOL-KOLLAM,Kerala,Kollam,8.8932,76.6141,20260305,0.05,27.43,downloaded
IN-KOL-KOLLAM,Kerala,Kollam,8.8932,76.6141,20260306,0.37,27.67,downloaded
IN-KOL-KOLLAM,Kerala,Kollam,8.8932,76.6141,20260307,1.31,27.98,downloaded
IN-KOL-KOLLAM,Kerala,Kollam,8.8932,76.6141,20260308,0.87,28.03,downloaded
IN-KOL-KOLLAM,Kerala,Kollam,8.8932,76.6141,20260309,0.83,27.73,downloaded
IN-KOL-KOLLAM,Kerala,Kollam,8.8932,76.6141,20260310,0.07,27.87,downloaded
IN-KOL-KOLLAM,Kerala,Kollam,8.8932,76.6141,20260311,2.18,27.36,downloaded
IN-KOL-KOLLAM,Kerala,Kollam,8.8932,76.6141,20260312,1.51,27.79,downloaded
IN-KOL-KOLLAM,Kerala,Kollam,8.8932,76.6141,20260313,1.09,27.78,downloaded
IN-KOL-KOLLAM,Kerala,Kollam,8.8932,76.6141,20260314,0.54,27.8,downloaded
IN-KOL-KOLLAM,Kerala,Kollam,8.8932,76.6141,20260315,0.82,28.27,downloaded
IN-KOL-KOLLAM,Kerala,Kollam,8.8932,76.6141,20260316,3.4,28.1,downloaded
IN-KOL-KOLLAM,Kerala,Kollam,8.8932,76.6141,20260317,3.64,27.35,downloaded
IN-KOL-KOLLAM,Kerala,Kollam,8.8932,76.6141,20260318,6.41,26.96,downloaded
IN-KOL-KOLLAM,Kerala,Kollam,8.8932,76.6141,20260319,8.29,26.35,downloaded
IN-KOL-KOLLAM,Kerala,Kollam,8.8932,76.6141,20260320,0.39,27.73,downloaded
IN-KOL-KOLLAM,Kerala,Kollam,8.8932,76.6141,20260321,1.6,28.28,downloaded
IN-KOL-KOLLAM,Kerala,Kollam,8.8932,76.6141,20260322,0.73,28.49,downloaded
IN-KOL-KOLLAM,Kerala,Kollam,8.8932,76.6141,20260323,0.25,28.85,downloaded
IN-KOL-KOLLAM,Kerala,Kollam,8.8932,76.6141,20260324,0.34,29.01,downloaded
IN-KOL-KOLLAM,Kerala,Kollam,8.8932,76.6141,20260325,0.3,29.4,downloaded
IN-KOL-KOLLAM,Kerala,Kollam,8.8932,76.6141,20260326,0.01,28.95,downloaded
IN-KOL-KOLLAM,Kerala,Kollam,8.8932,76.6141,20260327,0.12,29.19,downloaded
IN-KOL-KOLLAM,Kerala,Kollam,8.8932,76.6141,20260328,4.88,28.25,downloaded
IN-KOL-KOLLAM,Kerala,Kollam,8.8932,76.6141,20260329,1.84,29.29,downloaded
IN-KOL-KOLLAM,Kerala,Kollam,8.8932,76.6141,20260330,0.77,29.15,downloaded
IN-KOL-KOLLAM,Kerala,Kollam,8.8932,76.6141,20260331,1.07,29.35,downloaded
IN-KOL-KOLLAM,Kerala,Kollam,8.8932,76.6141,20260401,0.21,28.96,downloaded
IN-KOL-KOLLAM,Kerala,Kollam,8.8932,76.6141,20260402,0.18,29.2,downloaded
IN-KOL-KOLLAM,Kerala,Kollam,8.8932,76.6141,20260403,6.26,28.43,downloaded
IN-KOL-KOLLAM,Kerala,Kollam,8.8932,76.6141,20260404,5.44,27.66,downloaded
IN-KOL-KOLLAM,Kerala,Kollam,8.8932,76.6141,20260405,8.73,27.73,downloaded
IN-KOL-KOLLAM,Kerala,Kollam,8.8932,76.6141,20260406,4.51,26.55,downloaded
IN-KOL-KOLLAM,Kerala,Kollam,8.8932,76.6141,20260407,0.08,28.53,downloaded
IN-KOL-KOLLAM,Kerala,Kollam,8.8932,76.6141,20260408,-999.0,-999.0,downloaded
IN-KOL-KOLLAM,Kerala,Kollam,8.8932,76.6141,20260409,-999.0,-999.0,downloaded
IN-KOL-KOLLAM,Kerala,Kollam,8.8932,76.6141,20260410,-999.0,-999.0,downloaded
IN-KOT-KOTTAYAM,Kerala,Kottayam,9.5916,76.5222,20260301,2.17,28.31,downloaded
IN-KOT-KOTTAYAM,Kerala,Kottayam,9.5916,76.5222,20260302,0.47,28.09,downloaded
IN-KOT-KOTTAYAM,Kerala,Kottayam,9.5916,76.5222,20260303,1.75,28.48,downloaded
IN-KOT-KOTTAYAM,Kerala,Kottayam,9.5916,76.5222,20260304,0.25,28.5,downloaded
IN-KOT-KOTTAYAM,Kerala,Kottayam,9.5916,76.5222,20260305,0.22,28.42,downloaded
IN-KOT-KOTTAYAM,Kerala,Kottayam,9.5916,76.5222,20260306,1.27,28.47,downloaded
IN-KOT-KOTTAYAM,Kerala,Kottayam,9.5916,76.5222,20260307,2.37,28.27,downloaded
IN-KOT-KOTTAYAM,Kerala,Kottayam,9.5916,76.5222,20260308,2.13,28.62,downloaded
IN-KOT-KOTTAYAM,Kerala,Kottayam,9.5916,76.5222,20260309,3.59,28.42,downloaded
IN-KOT-KOTTAYAM,Kerala,Kottayam,9.5916,76.5222,20260310,0.49,28.87,downloaded
IN-KOT-KOTTAYAM,Kerala,Kottayam,9.5916,76.5222,20260311,2.58,28.67,downloaded
IN-KOT-KOTTAYAM,Kerala,Kottayam,9.5916,76.5222,20260312,3.79,28.42,downloaded
IN-KOT-KOTTAYAM,Kerala,Kottayam,9.5916,76.5222,20260313,1.19,28.77,downloaded
IN-KOT-KOTTAYAM,Kerala,Kottayam,9.5916,76.5222,20260314,2.82,28.52,downloaded
IN-KOT-KOTTAYAM,Kerala,Kottayam,9.5916,76.5222,20260315,2.35,28.61,downloaded
IN-KOT-KOTTAYAM,Kerala,Kottayam,9.5916,76.5222,20260316,3.02,28.52,downloaded
IN-KOT-KOTTAYAM,Kerala,Kottayam,9.5916,76.5222,20260317,3.11,28.41,downloaded
IN-KOT-KOTTAYAM,Kerala,Kottayam,9.5916,76.5222,20260318,8.01,28.21,downloaded
IN-KOT-KOTTAYAM,Kerala,Kottayam,9.5916,76.5222,20260319,4.92,27.95,downloaded
IN-KOT-KOTTAYAM,Kerala,Kottayam,9.5916,76.5222,20260320,0.72,28.48,downloaded
IN-KOT-KOTTAYAM,Kerala,Kottayam,9.5916,76.5222,20260321,3.03,28.67,downloaded
IN-KOT-KOTTAYAM,Kerala,Kottayam,9.5916,76.5222,20260322,2.89,28.52,downloaded
IN-KOT-KOTTAYAM,Kerala,Kottayam,9.5916,76.5222,20260323,0.93,28.88,downloaded
IN-KOT-KOTTAYAM,Kerala,Kottayam,9.5916,76.5222,20260324,2.3,29.0,downloaded
IN-KOT-KOTTAYAM,Kerala,Kottayam,9.5916,76.5222,20260325,1.69,29.48,downloaded
IN-KOT-KOTTAYAM,Kerala,Kottayam,9.5916,76.5222,20260326,0.78,29.92,downloaded
IN-KOT-KOTTAYAM,Kerala,Kottayam,9.5916,76.5222,20260327,1.59,29.45,downloaded
IN-KOT-KOTTAYAM,Kerala,Kottayam,9.5916,76.5222,20260328,3.79,29.15,downloaded
IN-KOT-KOTTAYAM,Kerala,Kottayam,9.5916,76.5222,20260329,2.89,29.34,downloaded
IN-KOT-KOTTAYAM,Kerala,Kottayam,9.5916,76.5222,20260330,2.01,29.49,downloaded
IN-KOT-KOTTAYAM,Kerala,Kottayam,9.5916,76.5222,20260331,2.68,29.63,downloaded
IN-KOT-KOTTAYAM,Kerala,Kottayam,9.5916,76.5222,20260401,1.22,29.68,downloaded
IN-KOT-KOTTAYAM,Kerala,Kottayam,9.5916,76.5222,20260402,1.53,29.33,downloaded
IN-KOT-KOTTAYAM,Kerala,Kottayam,9.5916,76.5222,20260403,5.25,29.05,downloaded
IN-KOT-KOTTAYAM,Kerala,Kottayam,9.5916,76.5222,20260404,2.23,29.14,downloaded
IN-KOT-KOTTAYAM,Kerala,Kottayam,9.5916,76.5222,20260405,4.36,29.38,downloaded
IN-KOT-KOTTAYAM,Kerala,Kottayam,9.5916,76.5222,20260406,2.51,29.47,downloaded
IN-KOT-KOTTAYAM,Kerala,Kottayam,9.5916,76.5222,20260407,0.04,29.31,downloaded
IN-KOT-KOTTAYAM,Kerala,Kottayam,9.5916,76.5222,20260408,-999.0,-999.0,downloaded
IN-KOT-KOTTAYAM,Kerala,Kottayam,9.5916,76.5222,20260409,-999.0,-999.0,downloaded
IN-KOT-KOTTAYAM,Kerala,Kottayam,9.5916,76.5222,20260410,-999.0,-999.0,downloaded
IN-KOZ-KOZHIKODE,Kerala,Kozhikode,11.2588,75.7804,20260301,0.44,27.1,downloaded
IN-KOZ-KOZHIKODE,Kerala,Kozhikode,11.2588,75.7804,20260302,0.15,27.34,downloaded
IN-KOZ-KOZHIKODE,Kerala,Kozhikode,11.2588,75.7804,20260303,0.98,27.61,downloaded
IN-KOZ-KOZHIKODE,Kerala,Kozhikode,11.2588,75.7804,20260304,0.51,27.69,downloaded
IN-KOZ-KOZHIKODE,Kerala,Kozhikode,11.2588,75.7804,20260305,0.21,27.66,downloaded
IN-KOZ-KOZHIKODE,Kerala,Kozhikode,11.2588,75.7804,20260306,0.99,27.53,downloaded
IN-KOZ-KOZHIKODE,Kerala,Kozhikode,11.2588,75.7804,20260307,1.53,27.49,downloaded
IN-KOZ-KOZHIKODE,Kerala,Kozhikode,11.2588,75.7804,20260308,2.2,27.48,downloaded
IN-KOZ-KOZHIKODE,Kerala,Kozhikode,11.2588,75.7804,20260309,2.25,27.63,downloaded
IN-KOZ-KOZHIKODE,Kerala,Kozhikode,11.2588,75.7804,20260310,0.68,28.05,downloaded
IN-KOZ-KOZHIKODE,Kerala,Kozhikode,11.2588,75.7804,20260311,0.87,27.83,downloaded
IN-KOZ-KOZHIKODE,Kerala,Kozhikode,11.2588,75.7804,20260312,0.71,28.32,downloaded
IN-KOZ-KOZHIKODE,Kerala,Kozhikode,11.2588,75.7804,20260313,0.81,28.39,downloaded
IN-KOZ-KOZHIKODE,Kerala,Kozhikode,11.2588,75.7804,20260314,1.75,28.07,downloaded
IN-KOZ-KOZHIKODE,Kerala,Kozhikode,11.2588,75.7804,20260315,2.07,27.99,downloaded
IN-KOZ-KOZHIKODE,Kerala,Kozhikode,11.2588,75.7804,20260316,2.73,27.58,downloaded
IN-KOZ-KOZHIKODE,Kerala,Kozhikode,11.2588,75.7804,20260317,2.48,27.06,downloaded
IN-KOZ-KOZHIKODE,Kerala,Kozhikode,11.2588,75.7804,20260318,4.25,26.82,downloaded
IN-KOZ-KOZHIKODE,Kerala,Kozhikode,11.2588,75.7804,20260319,2.12,26.77,downloaded
IN-KOZ-KOZHIKODE,Kerala,Kozhikode,11.2588,75.7804,20260320,0.19,27.36,downloaded
IN-KOZ-KOZHIKODE,Kerala,Kozhikode,11.2588,75.7804,20260321,1.65,27.87,downloaded
IN-KOZ-KOZHIKODE,Kerala,Kozhikode,11.2588,75.7804,20260322,3.38,27.34,downloaded
IN-KOZ-KOZHIKODE,Kerala,Kozhikode,11.2588,75.7804,20260323,1.49,28.0,downloaded
IN-KOZ-KOZHIKODE,Kerala,Kozhikode,11.2588,75.7804,20260324,2.03,27.87,downloaded
IN-KOZ-KOZHIKODE,Kerala,Kozhikode,11.2588,75.7804,20260325,1.57,28.36,downloaded
IN-KOZ-KOZHIKODE,Kerala,Kozhikode,11.2588,75.7804,20260326,0.9,29.14,downloaded
IN-KOZ-KOZHIKODE,Kerala,Kozhikode,11.2588,75.7804,20260327,1.13,28.84,downloaded
IN-KOZ-KOZHIKODE,Kerala,Kozhikode,11.2588,75.7804,20260328,4.08,28.21,downloaded
IN-KOZ-KOZHIKODE,Kerala,Kozhikode,11.2588,75.7804,20260329,3.98,28.27,downloaded
IN-KOZ-KOZHIKODE,Kerala,Kozhikode,11.2588,75.7804,20260330,2.76,28.24,downloaded
IN-KOZ-KOZHIKODE,Kerala,Kozhikode,11.2588,75.7804,20260331,2.11,28.43,downloaded
IN-KOZ-KOZHIKODE,Kerala,Kozhikode,11.2588,75.7804,20260401,1.75,28.29,downloaded
IN-KOZ-KOZHIKODE,Kerala,Kozhikode,11.2588,75.7804,20260402,1.51,28.33,downloaded
IN-KOZ-KOZHIKODE,Kerala,Kozhikode,11.2588,75.7804,20260403,2.34,28.38,downloaded
IN-KOZ-KOZHIKODE,Kerala,Kozhikode,11.2588,75.7804,20260404,3.28,28.12,downloaded
IN-KOZ-KOZHIKODE,Kerala,Kozhikode,11.2588,75.7804,20260405,4.06,28.13,downloaded
IN-KOZ-KOZHIKODE,Kerala,Kozhikode,11.2588,75.7804,20260406,1.81,28.36,downloaded
IN-KOZ-KOZHIKODE,Kerala,Kozhikode,11.2588,75.7804,20260407,0.0,28.07,downloaded
IN-KOZ-KOZHIKODE,Kerala,Kozhikode,11.2588,75.7804,20260408,-999.0,-999.0,downloaded
IN-KOZ-KOZHIKODE,Kerala,Kozhikode,11.2588,75.7804,20260409,-999.0,-999.0,downloaded
IN-KOZ-KOZHIKODE,Kerala,Kozhikode,11.2588,75.7804,20260410,-999.0,-999.0,downloaded
IN-MAL-MALAPPURAM,Kerala,Malappuram,11.0732,76.074,20260301,0.44,27.17,downloaded
IN-MAL-MALAPPURAM,Kerala,Malappuram,11.0732,76.074,20260302,0.04,27.34,downloaded
IN-MAL-MALAPPURAM,Kerala,Malappuram,11.0732,76.074,20260303,0.26,27.54,downloaded
IN-MAL-MALAPPURAM,Kerala,Malappuram,11.0732,76.074,20260304,0.18,27.37,downloaded
IN-MAL-MALAPPURAM,Kerala,Malappuram,11.0732,76.074,20260305,0.05,27.54,downloaded
IN-MAL-MALAPPURAM,Kerala,Malappuram,11.0732,76.074,20260306,0.55,27.67,downloaded
IN-MAL-MALAPPURAM,Kerala,Malappuram,11.0732,76.074,20260307,1.2,27.71,downloaded
IN-MAL-MALAPPURAM,Kerala,Malappuram,11.0732,76.074,20260308,1.03,27.99,downloaded
IN-MAL-MALAPPURAM,Kerala,Malappuram,11.0732,76.074,20260309,1.31,27.58,downloaded
IN-MAL-MALAPPURAM,Kerala,Malappuram,11.0732,76.074,20260310,0.33,27.44,downloaded
IN-MAL-MALAPPURAM,Kerala,Malappuram,11.0732,76.074,20260311,0.51,27.91,downloaded
IN-MAL-MALAPPURAM,Kerala,Malappuram,11.0732,76.074,20260312,0.37,28.11,downloaded
IN-MAL-MALAPPURAM,Kerala,Malappuram,11.0732,76.074,20260313,0.26,28.43,downloaded
IN-MAL-MALAPPURAM,Kerala,Malappuram,11.0732,76.074,20260314,1.1,28.04,downloaded
IN-MAL-MALAPPURAM,Kerala,Malappuram,11.0732,76.074,20260315,1.44,27.92,downloaded
IN-MAL-MALAPPURAM,Kerala,Malappuram,11.0732,76.074,20260316,2.57,27.81,downloaded
IN-MAL-MALAPPURAM,Kerala,Malappuram,11.0732,76.074,20260317,3.32,27.2,downloaded
IN-MAL-MALAPPURAM,Kerala,Malappuram,11.0732,76.074,20260318,4.53,26.78,downloaded
IN-MAL-MALAPPURAM,Kerala,Malappuram,11.0732,76.074,20260319,3.75,26.47,downloaded
IN-MAL-MALAPPURAM,Kerala,Malappuram,11.0732,76.074,20260320,0.24,27.28,downloaded
IN-MAL-MALAPPURAM,Kerala,Malappuram,11.0732,76.074,20260321,0.58,28.28,downloaded
IN-MAL-MALAPPURAM,Kerala,Malappuram,11.0732,76.074,20260322,1.24,28.1,downloaded
IN-MAL-MALAPPURAM,Kerala,Malappuram,11.0732,76.074,20260323,0.83,28.57,downloaded
IN-MAL-MALAPPURAM,Kerala,Malappuram,11.0732,76.074,20260324,0.8,28.58,downloaded
IN-MAL-MALAPPURAM,Kerala,Malappuram,11.0732,76.074,20260325,0.62,29.0,downloaded
IN-MAL-MALAPPURAM,Kerala,Malappuram,11.0732,76.074,20260326,0.24,29.57,downloaded
IN-MAL-MALAPPURAM,Kerala,Malappuram,11.0732,76.074,20260327,1.18,29.17,downloaded
IN-MAL-MALAPPURAM,Kerala,Malappuram,11.0732,76.074,20260328,3.83,28.16,downloaded
IN-MAL-MALAPPURAM,Kerala,Malappuram,11.0732,76.074,20260329,2.22,28.76,downloaded
IN-MAL-MALAPPURAM,Kerala,Malappuram,11.0732,76.074,20260330,2.18,28.5,downloaded
IN-MAL-MALAPPURAM,Kerala,Malappuram,11.0732,76.074,20260331,1.13,28.82,downloaded
IN-MAL-MALAPPURAM,Kerala,Malappuram,11.0732,76.074,20260401,0.78,28.87,downloaded
IN-MAL-MALAPPURAM,Kerala,Malappuram,11.0732,76.074,20260402,1.64,28.48,downloaded
IN-MAL-MALAPPURAM,Kerala,Malappuram,11.0732,76.074,20260403,3.55,28.31,downloaded
IN-MAL-MALAPPURAM,Kerala,Malappuram,11.0732,76.074,20260404,4.51,27.87,downloaded
IN-MAL-MALAPPURAM,Kerala,Malappuram,11.0732,76.074,20260405,8.82,27.66,downloaded
IN-MAL-MALAPPURAM,Kerala,Malappuram,11.0732,76.074,20260406,5.58,27.65,downloaded
IN-MAL-MALAPPURAM,Kerala,Malappuram,11.0732,76.074,20260407,0.02,28.12,downloaded
IN-MAL-MALAPPURAM,Kerala,Malappuram,11.0732,76.074,20260408,-999.0,-999.0,downloaded
IN-MAL-MALAPPURAM,Kerala,Malappuram,11.0732,76.074,20260409,-999.0,-999.0,downloaded
IN-MAL-MALAPPURAM,Kerala,Malappuram,11.0732,76.074,20260410,-999.0,-999.0,downloaded
IN-NAI-NAINITAL,Uttarakhand,Nainital,29.3919,79.4542,20260301,0.0,18.74,downloaded
IN-NAI-NAINITAL,Uttarakhand,Nainital,29.3919,79.4542,20260302,0.0,19.13,downloaded
IN-NAI-NAINITAL,Uttarakhand,Nainital,29.3919,79.4542,20260303,0.0,20.39,downloaded
IN-NAI-NAINITAL,Uttarakhand,Nainital,29.3919,79.4542,20260304,0.0,21.52,downloaded
IN-NAI-NAINITAL,Uttarakhand,Nainital,29.3919,79.4542,20260305,0.0,21.88,downloaded
IN-NAI-NAINITAL,Uttarakhand,Nainital,29.3919,79.4542,20260306,0.0,21.66,downloaded
IN-NAI-NAINITAL,Uttarakhand,Nainital,29.3919,79.4542,20260307,0.0,22.11,downloaded
IN-NAI-NAINITAL,Uttarakhand,Nainital,29.3919,79.4542,20260308,0.0,22.6,downloaded
IN-NAI-NAINITAL,Uttarakhand,Nainital,29.3919,79.4542,20260309,0.0,22.56,downloaded
IN-NAI-NAINITAL,Uttarakhand,Nainital,29.3919,79.4542,20260310,0.0,22.41,downloaded
IN-NAI-NAINITAL,Uttarakhand,Nainital,29.3919,79.4542,20260311,0.0,22.86,downloaded
IN-NAI-NAINITAL,Uttarakhand,Nainital,29.3919,79.4542,20260312,0.0,23.32,downloaded
IN-NAI-NAINITAL,Uttarakhand,Nainital,29.3919,79.4542,20260313,0.0,22.18,downloaded
IN-NAI-NAINITAL,Uttarakhand,Nainital,29.3919,79.4542,20260314,0.0,22.35,downloaded
IN-NAI-NAINITAL,Uttarakhand,Nainital,29.3919,79.4542,20260315,0.97,19.81,downloaded
IN-NAI-NAINITAL,Uttarakhand,Nainital,29.3919,79.4542,20260316,0.29,19.89,downloaded
IN-NAI-NAINITAL,Uttarakhand,Nainital,29.3919,79.4542,20260317,0.0,19.8,downloaded
IN-NAI-NAINITAL,Uttarakhand,Nainital,29.3919,79.4542,20260318,0.02,20.87,downloaded
IN-NAI-NAINITAL,Uttarakhand,Nainital,29.3919,79.4542,20260319,1.49,17.75,downloaded
IN-NAI-NAINITAL,Uttarakhand,Nainital,29.3919,79.4542,20260320,28.13,12.78,downloaded
IN-NAI-NAINITAL,Uttarakhand,Nainital,29.3919,79.4542,20260321,1.02,16.46,downloaded
IN-NAI-NAINITAL,Uttarakhand,Nainital,29.3919,79.4542,20260322,0.0,18.79,downloaded
IN-NAI-NAINITAL,Uttarakhand,Nainital,29.3919,79.4542,20260323,0.06,19.81,downloaded
IN-NAI-NAINITAL,Uttarakhand,Nainital,29.3919,79.4542,20260324,0.0,20.02,downloaded
IN-NAI-NAINITAL,Uttarakhand,Nainital,29.3919,79.4542,20260325,0.0,21.16,downloaded
IN-NAI-NAINITAL,Uttarakhand,Nainital,29.3919,79.4542,20260326,0.0,23.0,downloaded
IN-NAI-NAINITAL,Uttarakhand,Nainital,29.3919,79.4542,20260327,0.13,22.52,downloaded
IN-NAI-NAINITAL,Uttarakhand,Nainital,29.3919,79.4542,20260328,0.0,22.14,downloaded
IN-NAI-NAINITAL,Uttarakhand,Nainital,29.3919,79.4542,20260329,0.02,23.45,downloaded
IN-NAI-NAINITAL,Uttarakhand,Nainital,29.3919,79.4542,20260330,0.2,23.95,downloaded
IN-NAI-NAINITAL,Uttarakhand,Nainital,29.3919,79.4542,20260331,0.16,24.69,downloaded
IN-NAI-NAINITAL,Uttarakhand,Nainital,29.3919,79.4542,20260401,0.0,23.7,downloaded
IN-NAI-NAINITAL,Uttarakhand,Nainital,29.3919,79.4542,20260402,0.0,24.76,downloaded
IN-NAI-NAINITAL,Uttarakhand,Nainital,29.3919,79.4542,20260403,0.91,25.07,downloaded
IN-NAI-NAINITAL,Uttarakhand,Nainital,29.3919,79.4542,20260404,1.05,21.61,downloaded
IN-NAI-NAINITAL,Uttarakhand,Nainital,29.3919,79.4542,20260405,1.12,21.06,downloaded
IN-NAI-NAINITAL,Uttarakhand,Nainital,29.3919,79.4542,20260406,0.29,21.09,downloaded
IN-NAI-NAINITAL,Uttarakhand,Nainital,29.3919,79.4542,20260407,0.59,21.35,downloaded
IN-NAI-NAINITAL,Uttarakhand,Nainital,29.3919,79.4542,20260408,-999.0,-999.0,downloaded
IN-NAI-NAINITAL,Uttarakhand,Nainital,29.3919,79.4542,20260409,-999.0,-999.0,downloaded
IN-NAI-NAINITAL,Uttarakhand,Nainital,29.3919,79.4542,20260410,-999.0,-999.0,downloaded
IN-PAL-PALAKKAD,Kerala,Palakkad,10.7867,76.6548,20260301,0.11,25.57,downloaded
IN-PAL-PALAKKAD,Kerala,Palakkad,10.7867,76.6548,20260302,0.0,25.91,downloaded
IN-PAL-PALAKKAD,Kerala,Palakkad,10.7867,76.6548,20260303,0.0,25.29,downloaded
IN-PAL-PALAKKAD,Kerala,Palakkad,10.7867,76.6548,20260304,0.0,24.99,downloaded
IN-PAL-PALAKKAD,Kerala,Palakkad,10.7867,76.6548,20260305,0.0,26.2,downloaded
IN-PAL-PALAKKAD,Kerala,Palakkad,10.7867,76.6548,20260306,0.12,26.59,downloaded
IN-PAL-PALAKKAD,Kerala,Palakkad,10.7867,76.6548,20260307,0.43,27.06,downloaded
IN-PAL-PALAKKAD,Kerala,Palakkad,10.7867,76.6548,20260308,0.09,26.84,downloaded
IN-PAL-PALAKKAD,Kerala,Palakkad,10.7867,76.6548,20260309,0.22,25.84,downloaded
IN-PAL-PALAKKAD,Kerala,Palakkad,10.7867,76.6548,20260310,0.28,24.89,downloaded
IN-PAL-PALAKKAD,Kerala,Palakkad,10.7867,76.6548,20260311,0.09,26.21,downloaded
IN-PAL-PALAKKAD,Kerala,Palakkad,10.7867,76.6548,20260312,0.01,26.87,downloaded
IN-PAL-PALAKKAD,Kerala,Palakkad,10.7867,76.6548,20260313,0.0,26.79,downloaded
IN-PAL-PALAKKAD,Kerala,Palakkad,10.7867,76.6548,20260314,0.08,26.71,downloaded
IN-PAL-PALAKKAD,Kerala,Palakkad,10.7867,76.6548,20260315,0.21,26.97,downloaded
IN-PAL-PALAKKAD,Kerala,Palakkad,10.7867,76.6548,20260316,1.01,26.95,downloaded
IN-PAL-PALAKKAD,Kerala,Palakkad,10.7867,76.6548,20260317,1.4,26.73,downloaded
IN-PAL-PALAKKAD,Kerala,Palakkad,10.7867,76.6548,20260318,2.91,26.5,downloaded
IN-PAL-PALAKKAD,Kerala,Palakkad,10.7867,76.6548,20260319,3.88,25.6,downloaded
IN-PAL-PALAKKAD,Kerala,Palakkad,10.7867,76.6548,20260320,0.18,26.59,downloaded
IN-PAL-PALAKKAD,Kerala,Palakkad,10.7867,76.6548,20260321,0.08,27.68,downloaded
IN-PAL-PALAKKAD,Kerala,Palakkad,10.7867,76.6548,20260322,0.11,27.75,downloaded
IN-PAL-PALAKKAD,Kerala,Palakkad,10.7867,76.6548,20260323,0.08,27.98,downloaded
IN-PAL-PALAKKAD,Kerala,Palakkad,10.7867,76.6548,20260324,0.04,28.0,downloaded
IN-PAL-PALAKKAD,Kerala,Palakkad,10.7867,76.6548,20260325,0.07,27.93,downloaded
IN-PAL-PALAKKAD,Kerala,Palakkad,10.7867,76.6548,20260326,0.0,27.69,downloaded
IN-PAL-PALAKKAD,Kerala,Palakkad,10.7867,76.6548,20260327,0.18,28.65,downloaded
IN-PAL-PALAKKAD,Kerala,Palakkad,10.7867,76.6548,20260328,2.89,28.36,downloaded
IN-PAL-PALAKKAD,Kerala,Palakkad,10.7867,76.6548,20260329,0.47,28.88,downloaded
IN-PAL-PALAKKAD,Kerala,Palakkad,10.7867,76.6548,20260330,0.64,28.61,downloaded
IN-PAL-PALAKKAD,Kerala,Palakkad,10.7867,76.6548,20260331,0.11,28.32,downloaded
IN-PAL-PALAKKAD,Kerala,Palakkad,10.7867,76.6548,20260401,0.05,28.33,downloaded
IN-PAL-PALAKKAD,Kerala,Palakkad,10.7867,76.6548,20260402,0.39,28.31,downloaded
IN-PAL-PALAKKAD,Kerala,Palakkad,10.7867,76.6548,20260403,1.68,28.53,downloaded
IN-PAL-PALAKKAD,Kerala,Palakkad,10.7867,76.6548,20260404,6.48,27.87,downloaded
IN-PAL-PALAKKAD,Kerala,Palakkad,10.7867,76.6548,20260405,8.84,26.56,downloaded
IN-PAL-PALAKKAD,Kerala,Palakkad,10.7867,76.6548,20260406,6.04,27.18,downloaded
IN-PAL-PALAKKAD,Kerala,Palakkad,10.7867,76.6548,20260407,0.33,28.26,downloaded
IN-PAL-PALAKKAD,Kerala,Palakkad,10.7867,76.6548,20260408,-999.0,-999.0,downloaded
IN-PAL-PALAKKAD,Kerala,Palakkad,10.7867,76.6548,20260409,-999.0,-999.0,downloaded
IN-PAL-PALAKKAD,Kerala,Palakkad,10.7867,76.6548,20260410,-999.0,-999.0,downloaded
IN-PAT-PATHANAMTHITTA,Kerala,Pathanamthitta,9.2648,76.787,20260301,0.38,26.84,downloaded
IN-PAT-PATHANAMTHITTA,Kerala,Pathanamthitta,9.2648,76.787,20260302,0.06,26.71,downloaded
IN-PAT-PATHANAMTHITTA,Kerala,Pathanamthitta,9.2648,76.787,20260303,0.28,26.64,downloaded
IN-PAT-PATHANAMTHITTA,Kerala,Pathanamthitta,9.2648,76.787,20260304,0.03,26.37,downloaded
IN-PAT-PATHANAMTHITTA,Kerala,Pathanamthitta,9.2648,76.787,20260305,0.04,26.76,downloaded
IN-PAT-PATHANAMTHITTA,Kerala,Pathanamthitta,9.2648,76.787,20260306,0.74,26.87,downloaded
IN-PAT-PATHANAMTHITTA,Kerala,Pathanamthitta,9.2648,76.787,20260307,1.17,27.08,downloaded
IN-PAT-PATHANAMTHITTA,Kerala,Pathanamthitta,9.2648,76.787,20260308,0.52,27.46,downloaded
IN-PAT-PATHANAMTHITTA,Kerala,Pathanamthitta,9.2648,76.787,20260309,0.67,26.99,downloaded
IN-PAT-PATHANAMTHITTA,Kerala,Pathanamthitta,9.2648,76.787,20260310,0.06,26.78,downloaded
IN-PAT-PATHANAMTHITTA,Kerala,Pathanamthitta,9.2648,76.787,20260311,1.26,26.75,downloaded
IN-PAT-PATHANAMTHITTA,Kerala,Pathanamthitta,9.2648,76.787,20260312,0.86,27.32,downloaded
IN-PAT-PATHANAMTHITTA,Kerala,Pathanamthitta,9.2648,76.787,20260313,0.39,27.35,downloaded
IN-PAT-PATHANAMTHITTA,Kerala,Pathanamthitta,9.2648,76.787,20260314,0.53,27.29,downloaded
IN-PAT-PATHANAMTHITTA,Kerala,Pathanamthitta,9.2648,76.787,20260315,0.75,27.61,downloaded
IN-PAT-PATHANAMTHITTA,Kerala,Pathanamthitta,9.2648,76.787,20260316,2.89,27.47,downloaded
IN-PAT-PATHANAMTHITTA,Kerala,Pathanamthitta,9.2648,76.787,20260317,3.74,26.64,downloaded
IN-PAT-PATHANAMTHITTA,Kerala,Pathanamthitta,9.2648,76.787,20260318,6.37,26.12,downloaded
IN-PAT-PATHANAMTHITTA,Kerala,Pathanamthitta,9.2648,76.787,20260319,7.53,25.26,downloaded
IN-PAT-PATHANAMTHITTA,Kerala,Pathanamthitta,9.2648,76.787,20260320,0.13,26.82,downloaded
IN-PAT-PATHANAMTHITTA,Kerala,Pathanamthitta,9.2648,76.787,20260321,1.74,27.59,downloaded
IN-PAT-PATHANAMTHITTA,Kerala,Pathanamthitta,9.2648,76.787,20260322,0.54,27.74,downloaded
IN-PAT-PATHANAMTHITTA,Kerala,Pathanamthitta,9.2648,76.787,20260323,0.16,28.25,downloaded
IN-PAT-PATHANAMTHITTA,Kerala,Pathanamthitta,9.2648,76.787,20260324,0.41,28.37,downloaded
IN-PAT-PATHANAMTHITTA,Kerala,Pathanamthitta,9.2648,76.787,20260325,0.28,28.61,downloaded
IN-PAT-PATHANAMTHITTA,Kerala,Pathanamthitta,9.2648,76.787,20260326,0.11,28.66,downloaded
IN-PAT-PATHANAMTHITTA,Kerala,Pathanamthitta,9.2648,76.787,20260327,0.63,28.52,downloaded
IN-PAT-PATHANAMTHITTA,Kerala,Pathanamthitta,9.2648,76.787,20260328,4.36,27.42,downloaded
IN-PAT-PATHANAMTHITTA,Kerala,Pathanamthitta,9.2648,76.787,20260329,1.58,28.6,downloaded
IN-PAT-PATHANAMTHITTA,Kerala,Pathanamthitta,9.2648,76.787,20260330,0.45,28.63,downloaded
IN-PAT-PATHANAMTHITTA,Kerala,Pathanamthitta,9.2648,76.787,20260331,0.82,28.82,downloaded
IN-PAT-PATHANAMTHITTA,Kerala,Pathanamthitta,9.2648,76.787,20260401,0.26,28.2,downloaded
IN-PAT-PATHANAMTHITTA,Kerala,Pathanamthitta,9.2648,76.787,20260402,0.28,28.53,downloaded
IN-PAT-PATHANAMTHITTA,Kerala,Pathanamthitta,9.2648,76.787,20260403,5.14,27.67,downloaded
IN-PAT-PATHANAMTHITTA,Kerala,Pathanamthitta,9.2648,76.787,20260404,7.47,26.8,downloaded
IN-PAT-PATHANAMTHITTA,Kerala,Pathanamthitta,9.2648,76.787,20260405,13.23,26.44,downloaded
IN-PAT-PATHANAMTHITTA,Kerala,Pathanamthitta,9.2648,76.787,20260406,5.72,24.93,downloaded
IN-PAT-PATHANAMTHITTA,Kerala,Pathanamthitta,9.2648,76.787,20260407,0.14,27.71,downloaded
IN-PAT-PATHANAMTHITTA,Kerala,Pathanamthitta,9.2648,76.787,20260408,-999.0,-999.0,downloaded
IN-PAT-PATHANAMTHITTA,Kerala,Pathanamthitta,9.2648,76.787,20260409,-999.0,-999.0,downloaded
IN-PAT-PATHANAMTHITTA,Kerala,Pathanamthitta,9.2648,76.787,20260410,-999.0,-999.0,downloaded
IN-PAU-PAURIGARHWAL,Uttarakhand,Pauri Garhwal,30.146,78.7812,20260301,0.0,17.19,downloaded
IN-PAU-PAURIGARHWAL,Uttarakhand,Pauri Garhwal,30.146,78.7812,20260302,0.0,17.73,downloaded
IN-PAU-PAURIGARHWAL,Uttarakhand,Pauri Garhwal,30.146,78.7812,20260303,0.0,19.21,downloaded
IN-PAU-PAURIGARHWAL,Uttarakhand,Pauri Garhwal,30.146,78.7812,20260304,0.0,20.62,downloaded
IN-PAU-PAURIGARHWAL,Uttarakhand,Pauri Garhwal,30.146,78.7812,20260305,0.0,21.33,downloaded
IN-PAU-PAURIGARHWAL,Uttarakhand,Pauri Garhwal,30.146,78.7812,20260306,0.0,21.23,downloaded
IN-PAU-PAURIGARHWAL,Uttarakhand,Pauri Garhwal,30.146,78.7812,20260307,0.0,21.1,downloaded
IN-PAU-PAURIGARHWAL,Uttarakhand,Pauri Garhwal,30.146,78.7812,20260308,0.0,21.39,downloaded
IN-PAU-PAURIGARHWAL,Uttarakhand,Pauri Garhwal,30.146,78.7812,20260309,0.0,21.78,downloaded
IN-PAU-PAURIGARHWAL,Uttarakhand,Pauri Garhwal,30.146,78.7812,20260310,0.0,21.58,downloaded
IN-PAU-PAURIGARHWAL,Uttarakhand,Pauri Garhwal,30.146,78.7812,20260311,0.0,21.9,downloaded
IN-PAU-PAURIGARHWAL,Uttarakhand,Pauri Garhwal,30.146,78.7812,20260312,0.05,22.02,downloaded
IN-PAU-PAURIGARHWAL,Uttarakhand,Pauri Garhwal,30.146,78.7812,20260313,0.0,20.54,downloaded
IN-PAU-PAURIGARHWAL,Uttarakhand,Pauri Garhwal,30.146,78.7812,20260314,0.0,20.18,downloaded
IN-PAU-PAURIGARHWAL,Uttarakhand,Pauri Garhwal,30.146,78.7812,20260315,1.42,17.26,downloaded
IN-PAU-PAURIGARHWAL,Uttarakhand,Pauri Garhwal,30.146,78.7812,20260316,0.66,17.65,downloaded
IN-PAU-PAURIGARHWAL,Uttarakhand,Pauri Garhwal,30.146,78.7812,20260317,0.0,17.13,downloaded
IN-PAU-PAURIGARHWAL,Uttarakhand,Pauri Garhwal,30.146,78.7812,20260318,0.48,18.24,downloaded
IN-PAU-PAURIGARHWAL,Uttarakhand,Pauri Garhwal,30.146,78.7812,20260319,5.07,14.85,downloaded
IN-PAU-PAURIGARHWAL,Uttarakhand,Pauri Garhwal,30.146,78.7812,20260320,38.64,10.53,downloaded
IN-PAU-PAURIGARHWAL,Uttarakhand,Pauri Garhwal,30.146,78.7812,20260321,0.45,15.01,downloaded
IN-PAU-PAURIGARHWAL,Uttarakhand,Pauri Garhwal,30.146,78.7812,20260322,0.0,17.27,downloaded
IN-PAU-PAURIGARHWAL,Uttarakhand,Pauri Garhwal,30.146,78.7812,20260323,0.2,18.1,downloaded
IN-PAU-PAURIGARHWAL,Uttarakhand,Pauri Garhwal,30.146,78.7812,20260324,0.0,18.29,downloaded
IN-PAU-PAURIGARHWAL,Uttarakhand,Pauri Garhwal,30.146,78.7812,20260325,0.0,19.49,downloaded
IN-PAU-PAURIGARHWAL,Uttarakhand,Pauri Garhwal,30.146,78.7812,20260326,0.0,21.49,downloaded
IN-PAU-PAURIGARHWAL,Uttarakhand,Pauri Garhwal,30.146,78.7812,20260327,0.3,20.79,downloaded
IN-PAU-PAURIGARHWAL,Uttarakhand,Pauri Garhwal,30.146,78.7812,20260328,0.01,20.48,downloaded
IN-PAU-PAURIGARHWAL,Uttarakhand,Pauri Garhwal,30.146,78.7812,20260329,0.07,21.65,downloaded
IN-PAU-PAURIGARHWAL,Uttarakhand,Pauri Garhwal,30.146,78.7812,20260330,0.7,21.81,downloaded
IN-PAU-PAURIGARHWAL,Uttarakhand,Pauri Garhwal,30.146,78.7812,20260331,0.17,22.76,downloaded
IN-PAU-PAURIGARHWAL,Uttarakhand,Pauri Garhwal,30.146,78.7812,20260401,0.02,21.32,downloaded
IN-PAU-PAURIGARHWAL,Uttarakhand,Pauri Garhwal,30.146,78.7812,20260402,0.0,22.93,downloaded
IN-PAU-PAURIGARHWAL,Uttarakhand,Pauri Garhwal,30.146,78.7812,20260403,1.22,23.24,downloaded
IN-PAU-PAURIGARHWAL,Uttarakhand,Pauri Garhwal,30.146,78.7812,20260404,1.84,18.94,downloaded
IN-PAU-PAURIGARHWAL,Uttarakhand,Pauri Garhwal,30.146,78.7812,20260405,1.19,19.49,downloaded
IN-PAU-PAURIGARHWAL,Uttarakhand,Pauri Garhwal,30.146,78.7812,20260406,0.72,19.38,downloaded
IN-PAU-PAURIGARHWAL,Uttarakhand,Pauri Garhwal,30.146,78.7812,20260407,1.03,19.17,downloaded
IN-PAU-PAURIGARHWAL,Uttarakhand,Pauri Garhwal,30.146,78.7812,20260408,-999.0,-999.0,downloaded
IN-PAU-PAURIGARHWAL,Uttarakhand,Pauri Garhwal,30.146,78.7812,20260409,-999.0,-999.0,downloaded
IN-PAU-PAURIGARHWAL,Uttarakhand,Pauri Garhwal,30.146,78.7812,20260410,-999.0,-999.0,downloaded
IN-PIT-PITHORAGARH,Uttarakhand,Pithoragarh,29.5829,80.2182,20260301,0.0,16.17,downloaded
IN-PIT-PITHORAGARH,Uttarakhand,Pithoragarh,29.5829,80.2182,20260302,0.0,16.59,downloaded
IN-PIT-PITHORAGARH,Uttarakhand,Pithoragarh,29.5829,80.2182,20260303,0.0,17.69,downloaded
IN-PIT-PITHORAGARH,Uttarakhand,Pithoragarh,29.5829,80.2182,20260304,0.0,18.79,downloaded
IN-PIT-PITHORAGARH,Uttarakhand,Pithoragarh,29.5829,80.2182,20260305,0.0,19.27,downloaded
IN-PIT-PITHORAGARH,Uttarakhand,Pithoragarh,29.5829,80.2182,20260306,0.0,19.1,downloaded
IN-PIT-PITHORAGARH,Uttarakhand,Pithoragarh,29.5829,80.2182,20260307,0.0,19.64,downloaded
IN-PIT-PITHORAGARH,Uttarakhand,Pithoragarh,29.5829,80.2182,20260308,0.0,20.07,downloaded
IN-PIT-PITHORAGARH,Uttarakhand,Pithoragarh,29.5829,80.2182,20260309,0.0,19.7,downloaded
IN-PIT-PITHORAGARH,Uttarakhand,Pithoragarh,29.5829,80.2182,20260310,0.0,19.59,downloaded
IN-PIT-PITHORAGARH,Uttarakhand,Pithoragarh,29.5829,80.2182,20260311,0.0,20.43,downloaded
IN-PIT-PITHORAGARH,Uttarakhand,Pithoragarh,29.5829,80.2182,20260312,0.01,20.97,downloaded
IN-PIT-PITHORAGARH,Uttarakhand,Pithoragarh,29.5829,80.2182,20260313,0.0,19.84,downloaded
IN-PIT-PITHORAGARH,Uttarakhand,Pithoragarh,29.5829,80.2182,20260314,0.0,19.79,downloaded
IN-PIT-PITHORAGARH,Uttarakhand,Pithoragarh,29.5829,80.2182,20260315,0.94,16.86,downloaded
IN-PIT-PITHORAGARH,Uttarakhand,Pithoragarh,29.5829,80.2182,20260316,0.28,16.67,downloaded
IN-PIT-PITHORAGARH,Uttarakhand,Pithoragarh,29.5829,80.2182,20260317,0.0,16.66,downloaded
IN-PIT-PITHORAGARH,Uttarakhand,Pithoragarh,29.5829,80.2182,20260318,0.01,17.95,downloaded
IN-PIT-PITHORAGARH,Uttarakhand,Pithoragarh,29.5829,80.2182,20260319,2.17,15.8,downloaded
IN-PIT-PITHORAGARH,Uttarakhand,Pithoragarh,29.5829,80.2182,20260320,42.8,10.51,downloaded
IN-PIT-PITHORAGARH,Uttarakhand,Pithoragarh,29.5829,80.2182,20260321,2.57,13.73,downloaded
IN-PIT-PITHORAGARH,Uttarakhand,Pithoragarh,29.5829,80.2182,20260322,0.14,15.91,downloaded
IN-PIT-PITHORAGARH,Uttarakhand,Pithoragarh,29.5829,80.2182,20260323,0.39,16.84,downloaded
IN-PIT-PITHORAGARH,Uttarakhand,Pithoragarh,29.5829,80.2182,20260324,0.03,17.1,downloaded
IN-PIT-PITHORAGARH,Uttarakhand,Pithoragarh,29.5829,80.2182,20260325,0.0,18.34,downloaded
IN-PIT-PITHORAGARH,Uttarakhand,Pithoragarh,29.5829,80.2182,20260326,0.0,20.23,downloaded
IN-PIT-PITHORAGARH,Uttarakhand,Pithoragarh,29.5829,80.2182,20260327,0.41,20.06,downloaded
IN-PIT-PITHORAGARH,Uttarakhand,Pithoragarh,29.5829,80.2182,20260328,0.04,19.26,downloaded
IN-PIT-PITHORAGARH,Uttarakhand,Pithoragarh,29.5829,80.2182,20260329,0.11,20.62,downloaded
IN-PIT-PITHORAGARH,Uttarakhand,Pithoragarh,29.5829,80.2182,20260330,0.3,21.16,downloaded
IN-PIT-PITHORAGARH,Uttarakhand,Pithoragarh,29.5829,80.2182,20260331,0.65,21.76,downloaded
IN-PIT-PITHORAGARH,Uttarakhand,Pithoragarh,29.5829,80.2182,20260401,0.09,21.06,downloaded
IN-PIT-PITHORAGARH,Uttarakhand,Pithoragarh,29.5829,80.2182,20260402,0.0,22.1,downloaded
IN-PIT-PITHORAGARH,Uttarakhand,Pithoragarh,29.5829,80.2182,20260403,0.26,22.23,downloaded
IN-PIT-PITHORAGARH,Uttarakhand,Pithoragarh,29.5829,80.2182,20260404,0.9,19.04,downloaded
IN-PIT-PITHORAGARH,Uttarakhand,Pithoragarh,29.5829,80.2182,20260405,2.82,17.37,downloaded
IN-PIT-PITHORAGARH,Uttarakhand,Pithoragarh,29.5829,80.2182,20260406,1.22,17.45,downloaded
IN-PIT-PITHORAGARH,Uttarakhand,Pithoragarh,29.5829,80.2182,20260407,0.38,18.1,downloaded
IN-PIT-PITHORAGARH,Uttarakhand,Pithoragarh,29.5829,80.2182,20260408,-999.0,-999.0,downloaded
IN-PIT-PITHORAGARH,Uttarakhand,Pithoragarh,29.5829,80.2182,20260409,-999.0,-999.0,downloaded
IN-PIT-PITHORAGARH,Uttarakhand,Pithoragarh,29.5829,80.2182,20260410,-999.0,-999.0,downloaded
IN-RUD-RUDRAPRAYAG,Uttarakhand,Rudraprayag,30.2844,78.9811,20260301,0.0,6.99,downloaded
IN-RUD-RUDRAPRAYAG,Uttarakhand,Rudraprayag,30.2844,78.9811,20260302,0.0,8.0,downloaded
IN-RUD-RUDRAPRAYAG,Uttarakhand,Rudraprayag,30.2844,78.9811,20260303,0.0,10.13,downloaded
IN-RUD-RUDRAPRAYAG,Uttarakhand,Rudraprayag,30.2844,78.9811,20260304,0.0,12.26,downloaded
IN-RUD-RUDRAPRAYAG,Uttarakhand,Rudraprayag,30.2844,78.9811,20260305,0.0,13.34,downloaded
IN-RUD-RUDRAPRAYAG,Uttarakhand,Rudraprayag,30.2844,78.9811,20260306,0.0,12.96,downloaded
IN-RUD-RUDRAPRAYAG,Uttarakhand,Rudraprayag,30.2844,78.9811,20260307,0.0,12.83,downloaded
IN-RUD-RUDRAPRAYAG,Uttarakhand,Rudraprayag,30.2844,78.9811,20260308,0.0,12.75,downloaded
IN-RUD-RUDRAPRAYAG,Uttarakhand,Rudraprayag,30.2844,78.9811,20260309,0.0,12.49,downloaded
IN-RUD-RUDRAPRAYAG,Uttarakhand,Rudraprayag,30.2844,78.9811,20260310,0.0,12.54,downloaded
IN-RUD-RUDRAPRAYAG,Uttarakhand,Rudraprayag,30.2844,78.9811,20260311,0.0,12.88,downloaded
IN-RUD-RUDRAPRAYAG,Uttarakhand,Rudraprayag,30.2844,78.9811,20260312,0.53,12.44,downloaded
IN-RUD-RUDRAPRAYAG,Uttarakhand,Rudraprayag,30.2844,78.9811,20260313,0.0,10.8,downloaded
IN-RUD-RUDRAPRAYAG,Uttarakhand,Rudraprayag,30.2844,78.9811,20260314,0.35,10.44,downloaded
IN-RUD-RUDRAPRAYAG,Uttarakhand,Rudraprayag,30.2844,78.9811,20260315,8.48,6.93,downloaded
IN-RUD-RUDRAPRAYAG,Uttarakhand,Rudraprayag,30.2844,78.9811,20260316,6.13,6.25,downloaded
IN-RUD-RUDRAPRAYAG,Uttarakhand,Rudraprayag,30.2844,78.9811,20260317,0.09,5.33,downloaded
IN-RUD-RUDRAPRAYAG,Uttarakhand,Rudraprayag,30.2844,78.9811,20260318,4.19,6.37,downloaded
IN-RUD-RUDRAPRAYAG,Uttarakhand,Rudraprayag,30.2844,78.9811,20260319,19.71,6.17,downloaded
IN-RUD-RUDRAPRAYAG,Uttarakhand,Rudraprayag,30.2844,78.9811,20260320,51.55,3.41,downloaded
IN-RUD-RUDRAPRAYAG,Uttarakhand,Rudraprayag,30.2844,78.9811,20260321,1.69,6.34,downloaded
IN-RUD-RUDRAPRAYAG,Uttarakhand,Rudraprayag,30.2844,78.9811,20260322,0.02,6.88,downloaded
IN-RUD-RUDRAPRAYAG,Uttarakhand,Rudraprayag,30.2844,78.9811,20260323,0.89,7.08,downloaded
IN-RUD-RUDRAPRAYAG,Uttarakhand,Rudraprayag,30.2844,78.9811,20260324,0.02,6.87,downloaded
IN-RUD-RUDRAPRAYAG,Uttarakhand,Rudraprayag,30.2844,78.9811,20260325,0.0,7.79,downloaded
IN-RUD-RUDRAPRAYAG,Uttarakhand,Rudraprayag,30.2844,78.9811,20260326,0.02,10.56,downloaded
IN-RUD-RUDRAPRAYAG,Uttarakhand,Rudraprayag,30.2844,78.9811,20260327,1.24,10.11,downloaded
IN-RUD-RUDRAPRAYAG,Uttarakhand,Rudraprayag,30.2844,78.9811,20260328,0.09,10.42,downloaded
IN-RUD-RUDRAPRAYAG,Uttarakhand,Rudraprayag,30.2844,78.9811,20260329,0.85,11.02,downloaded
IN-RUD-RUDRAPRAYAG,Uttarakhand,Rudraprayag,30.2844,78.9811,20260330,2.01,10.92,downloaded
IN-RUD-RUDRAPRAYAG,Uttarakhand,Rudraprayag,30.2844,78.9811,20260331,0.45,12.29,downloaded
IN-RUD-RUDRAPRAYAG,Uttarakhand,Rudraprayag,30.2844,78.9811,20260401,0.52,10.77,downloaded
IN-RUD-RUDRAPRAYAG,Uttarakhand,Rudraprayag,30.2844,78.9811,20260402,0.08,12.2,downloaded
IN-RUD-RUDRAPRAYAG,Uttarakhand,Rudraprayag,30.2844,78.9811,20260403,1.83,12.37,downloaded
IN-RUD-RUDRAPRAYAG,Uttarakhand,Rudraprayag,30.2844,78.9811,20260404,7.57,8.46,downloaded
IN-RUD-RUDRAPRAYAG,Uttarakhand,Rudraprayag,30.2844,78.9811,20260405,3.0,8.46,downloaded
IN-RUD-RUDRAPRAYAG,Uttarakhand,Rudraprayag,30.2844,78.9811,20260406,2.9,8.29,downloaded
IN-RUD-RUDRAPRAYAG,Uttarakhand,Rudraprayag,30.2844,78.9811,20260407,2.08,8.26,downloaded
IN-RUD-RUDRAPRAYAG,Uttarakhand,Rudraprayag,30.2844,78.9811,20260408,-999.0,-999.0,downloaded
IN-RUD-RUDRAPRAYAG,Uttarakhand,Rudraprayag,30.2844,78.9811,20260409,-999.0,-999.0,downloaded
IN-RUD-RUDRAPRAYAG,Uttarakhand,Rudraprayag,30.2844,78.9811,20260410,-999.0,-999.0,downloaded
IN-TEH-TEHRIGARHWAL,Uttarakhand,Tehri Garhwal,30.3783,78.48,20260301,0.0,6.99,downloaded
IN-TEH-TEHRIGARHWAL,Uttarakhand,Tehri Garhwal,30.3783,78.48,20260302,0.0,8.0,downloaded
IN-TEH-TEHRIGARHWAL,Uttarakhand,Tehri Garhwal,30.3783,78.48,20260303,0.0,10.13,downloaded
IN-TEH-TEHRIGARHWAL,Uttarakhand,Tehri Garhwal,30.3783,78.48,20260304,0.0,12.26,downloaded
IN-TEH-TEHRIGARHWAL,Uttarakhand,Tehri Garhwal,30.3783,78.48,20260305,0.0,13.34,downloaded
IN-TEH-TEHRIGARHWAL,Uttarakhand,Tehri Garhwal,30.3783,78.48,20260306,0.0,12.96,downloaded
IN-TEH-TEHRIGARHWAL,Uttarakhand,Tehri Garhwal,30.3783,78.48,20260307,0.0,12.83,downloaded
IN-TEH-TEHRIGARHWAL,Uttarakhand,Tehri Garhwal,30.3783,78.48,20260308,0.0,12.75,downloaded
IN-TEH-TEHRIGARHWAL,Uttarakhand,Tehri Garhwal,30.3783,78.48,20260309,0.0,12.49,downloaded
IN-TEH-TEHRIGARHWAL,Uttarakhand,Tehri Garhwal,30.3783,78.48,20260310,0.0,12.54,downloaded
IN-TEH-TEHRIGARHWAL,Uttarakhand,Tehri Garhwal,30.3783,78.48,20260311,0.0,12.88,downloaded
IN-TEH-TEHRIGARHWAL,Uttarakhand,Tehri Garhwal,30.3783,78.48,20260312,0.53,12.44,downloaded
IN-TEH-TEHRIGARHWAL,Uttarakhand,Tehri Garhwal,30.3783,78.48,20260313,0.0,10.8,downloaded
IN-TEH-TEHRIGARHWAL,Uttarakhand,Tehri Garhwal,30.3783,78.48,20260314,0.35,10.44,downloaded
IN-TEH-TEHRIGARHWAL,Uttarakhand,Tehri Garhwal,30.3783,78.48,20260315,8.48,6.93,downloaded
IN-TEH-TEHRIGARHWAL,Uttarakhand,Tehri Garhwal,30.3783,78.48,20260316,6.13,6.25,downloaded
IN-TEH-TEHRIGARHWAL,Uttarakhand,Tehri Garhwal,30.3783,78.48,20260317,0.09,5.33,downloaded
IN-TEH-TEHRIGARHWAL,Uttarakhand,Tehri Garhwal,30.3783,78.48,20260318,4.19,6.37,downloaded
IN-TEH-TEHRIGARHWAL,Uttarakhand,Tehri Garhwal,30.3783,78.48,20260319,19.71,6.17,downloaded
IN-TEH-TEHRIGARHWAL,Uttarakhand,Tehri Garhwal,30.3783,78.48,20260320,51.55,3.41,downloaded
IN-TEH-TEHRIGARHWAL,Uttarakhand,Tehri Garhwal,30.3783,78.48,20260321,1.69,6.34,downloaded
IN-TEH-TEHRIGARHWAL,Uttarakhand,Tehri Garhwal,30.3783,78.48,20260322,0.02,6.88,downloaded
IN-TEH-TEHRIGARHWAL,Uttarakhand,Tehri Garhwal,30.3783,78.48,20260323,0.89,7.08,downloaded
IN-TEH-TEHRIGARHWAL,Uttarakhand,Tehri Garhwal,30.3783,78.48,20260324,0.02,6.87,downloaded
IN-TEH-TEHRIGARHWAL,Uttarakhand,Tehri Garhwal,30.3783,78.48,20260325,0.0,7.79,downloaded
IN-TEH-TEHRIGARHWAL,Uttarakhand,Tehri Garhwal,30.3783,78.48,20260326,0.02,10.56,downloaded
IN-TEH-TEHRIGARHWAL,Uttarakhand,Tehri Garhwal,30.3783,78.48,20260327,1.24,10.11,downloaded
IN-TEH-TEHRIGARHWAL,Uttarakhand,Tehri Garhwal,30.3783,78.48,20260328,0.09,10.42,downloaded
IN-TEH-TEHRIGARHWAL,Uttarakhand,Tehri Garhwal,30.3783,78.48,20260329,0.85,11.02,downloaded
IN-TEH-TEHRIGARHWAL,Uttarakhand,Tehri Garhwal,30.3783,78.48,20260330,2.01,10.92,downloaded
IN-TEH-TEHRIGARHWAL,Uttarakhand,Tehri Garhwal,30.3783,78.48,20260331,0.45,12.29,downloaded
IN-TEH-TEHRIGARHWAL,Uttarakhand,Tehri Garhwal,30.3783,78.48,20260401,0.52,10.77,downloaded
IN-TEH-TEHRIGARHWAL,Uttarakhand,Tehri Garhwal,30.3783,78.48,20260402,0.08,12.2,downloaded
IN-TEH-TEHRIGARHWAL,Uttarakhand,Tehri Garhwal,30.3783,78.48,20260403,1.83,12.37,downloaded
IN-TEH-TEHRIGARHWAL,Uttarakhand,Tehri Garhwal,30.3783,78.48,20260404,7.57,8.46,downloaded
IN-TEH-TEHRIGARHWAL,Uttarakhand,Tehri Garhwal,30.3783,78.48,20260405,3.0,8.46,downloaded
IN-TEH-TEHRIGARHWAL,Uttarakhand,Tehri Garhwal,30.3783,78.48,20260406,2.9,8.29,downloaded
IN-TEH-TEHRIGARHWAL,Uttarakhand,Tehri Garhwal,30.3783,78.48,20260407,2.08,8.26,downloaded
IN-TEH-TEHRIGARHWAL,Uttarakhand,Tehri Garhwal,30.3783,78.48,20260408,-999.0,-999.0,downloaded
IN-TEH-TEHRIGARHWAL,Uttarakhand,Tehri Garhwal,30.3783,78.48,20260409,-999.0,-999.0,downloaded
IN-TEH-TEHRIGARHWAL,Uttarakhand,Tehri Garhwal,30.3783,78.48,20260410,-999.0,-999.0,downloaded
IN-THR-THRISSUR,Kerala,Thrissur,10.5276,76.2144,20260301,1.21,27.98,downloaded
IN-THR-THRISSUR,Kerala,Thrissur,10.5276,76.2144,20260302,0.3,28.01,downloaded
IN-THR-THRISSUR,Kerala,Thrissur,10.5276,76.2144,20260303,0.31,28.38,downloaded
IN-THR-THRISSUR,Kerala,Thrissur,10.5276,76.2144,20260304,0.26,28.18,downloaded
IN-THR-THRISSUR,Kerala,Thrissur,10.5276,76.2144,20260305,0.2,28.32,downloaded
IN-THR-THRISSUR,Kerala,Thrissur,10.5276,76.2144,20260306,0.52,28.3,downloaded
IN-THR-THRISSUR,Kerala,Thrissur,10.5276,76.2144,20260307,1.85,28.21,downloaded
IN-THR-THRISSUR,Kerala,Thrissur,10.5276,76.2144,20260308,1.09,28.89,downloaded
IN-THR-THRISSUR,Kerala,Thrissur,10.5276,76.2144,20260309,1.77,28.59,downloaded
IN-THR-THRISSUR,Kerala,Thrissur,10.5276,76.2144,20260310,0.59,28.59,downloaded
IN-THR-THRISSUR,Kerala,Thrissur,10.5276,76.2144,20260311,1.12,28.76,downloaded
IN-THR-THRISSUR,Kerala,Thrissur,10.5276,76.2144,20260312,0.69,28.93,downloaded
IN-THR-THRISSUR,Kerala,Thrissur,10.5276,76.2144,20260313,0.27,29.3,downloaded
IN-THR-THRISSUR,Kerala,Thrissur,10.5276,76.2144,20260314,2.65,28.85,downloaded
IN-THR-THRISSUR,Kerala,Thrissur,10.5276,76.2144,20260315,1.88,28.66,downloaded
IN-THR-THRISSUR,Kerala,Thrissur,10.5276,76.2144,20260316,2.74,28.63,downloaded
IN-THR-THRISSUR,Kerala,Thrissur,10.5276,76.2144,20260317,3.31,28.12,downloaded
IN-THR-THRISSUR,Kerala,Thrissur,10.5276,76.2144,20260318,6.86,27.77,downloaded
IN-THR-THRISSUR,Kerala,Thrissur,10.5276,76.2144,20260319,4.31,27.43,downloaded
IN-THR-THRISSUR,Kerala,Thrissur,10.5276,76.2144,20260320,0.56,28.18,downloaded
IN-THR-THRISSUR,Kerala,Thrissur,10.5276,76.2144,20260321,1.45,28.85,downloaded
IN-THR-THRISSUR,Kerala,Thrissur,10.5276,76.2144,20260322,2.24,28.5,downloaded
IN-THR-THRISSUR,Kerala,Thrissur,10.5276,76.2144,20260323,1.15,29.26,downloaded
IN-THR-THRISSUR,Kerala,Thrissur,10.5276,76.2144,20260324,1.33,29.33,downloaded
IN-THR-THRISSUR,Kerala,Thrissur,10.5276,76.2144,20260325,1.14,29.8,downloaded
IN-THR-THRISSUR,Kerala,Thrissur,10.5276,76.2144,20260326,0.67,30.34,downloaded
IN-THR-THRISSUR,Kerala,Thrissur,10.5276,76.2144,20260327,1.75,29.78,downloaded
IN-THR-THRISSUR,Kerala,Thrissur,10.5276,76.2144,20260328,4.01,28.93,downloaded
IN-THR-THRISSUR,Kerala,Thrissur,10.5276,76.2144,20260329,2.18,29.36,downloaded
IN-THR-THRISSUR,Kerala,Thrissur,10.5276,76.2144,20260330,2.88,29.25,downloaded
IN-THR-THRISSUR,Kerala,Thrissur,10.5276,76.2144,20260331,1.56,29.6,downloaded
IN-THR-THRISSUR,Kerala,Thrissur,10.5276,76.2144,20260401,0.91,29.67,downloaded
IN-THR-THRISSUR,Kerala,Thrissur,10.5276,76.2144,20260402,1.81,29.35,downloaded
IN-THR-THRISSUR,Kerala,Thrissur,10.5276,76.2144,20260403,4.81,29.01,downloaded
IN-THR-THRISSUR,Kerala,Thrissur,10.5276,76.2144,20260404,3.22,28.76,downloaded
IN-THR-THRISSUR,Kerala,Thrissur,10.5276,76.2144,20260405,7.13,28.77,downloaded
IN-THR-THRISSUR,Kerala,Thrissur,10.5276,76.2144,20260406,4.27,28.61,downloaded
IN-THR-THRISSUR,Kerala,Thrissur,10.5276,76.2144,20260407,0.02,28.82,downloaded
IN-THR-THRISSUR,Kerala,Thrissur,10.5276,76.2144,20260408,-999.0,-999.0,downloaded
IN-THR-THRISSUR,Kerala,Thrissur,10.5276,76.2144,20260409,-999.0,-999.0,downloaded
IN-THR-THRISSUR,Kerala,Thrissur,10.5276,76.2144,20260410,-999.0,-999.0,downloaded
IN-TVM-THIRUVANANTHAPURAM,Kerala,Thiruvananthapuram,8.5241,76.9366,20260301,0.6,27.54,downloaded
IN-TVM-THIRUVANANTHAPURAM,Kerala,Thiruvananthapuram,8.5241,76.9366,20260302,0.01,27.73,downloaded
IN-TVM-THIRUVANANTHAPURAM,Kerala,Thiruvananthapuram,8.5241,76.9366,20260303,0.21,27.96,downloaded
IN-TVM-THIRUVANANTHAPURAM,Kerala,Thiruvananthapuram,8.5241,76.9366,20260304,0.0,27.69,downloaded
IN-TVM-THIRUVANANTHAPURAM,Kerala,Thiruvananthapuram,8.5241,76.9366,20260305,0.1,27.87,downloaded
IN-TVM-THIRUVANANTHAPURAM,Kerala,Thiruvananthapuram,8.5241,76.9366,20260306,0.34,27.94,downloaded
IN-TVM-THIRUVANANTHAPURAM,Kerala,Thiruvananthapuram,8.5241,76.9366,20260307,1.84,27.96,downloaded
IN-TVM-THIRUVANANTHAPURAM,Kerala,Thiruvananthapuram,8.5241,76.9366,20260308,1.63,27.94,downloaded
IN-TVM-THIRUVANANTHAPURAM,Kerala,Thiruvananthapuram,8.5241,76.9366,20260309,1.02,27.83,downloaded
IN-TVM-THIRUVANANTHAPURAM,Kerala,Thiruvananthapuram,8.5241,76.9366,20260310,0.04,28.32,downloaded
IN-TVM-THIRUVANANTHAPURAM,Kerala,Thiruvananthapuram,8.5241,76.9366,20260311,2.83,27.98,downloaded
IN-TVM-THIRUVANANTHAPURAM,Kerala,Thiruvananthapuram,8.5241,76.9366,20260312,1.97,28.04,downloaded
IN-TVM-THIRUVANANTHAPURAM,Kerala,Thiruvananthapuram,8.5241,76.9366,20260313,1.71,28.12,downloaded
IN-TVM-THIRUVANANTHAPURAM,Kerala,Thiruvananthapuram,8.5241,76.9366,20260314,0.48,27.97,downloaded
IN-TVM-THIRUVANANTHAPURAM,Kerala,Thiruvananthapuram,8.5241,76.9366,20260315,1.01,28.42,downloaded
IN-TVM-THIRUVANANTHAPURAM,Kerala,Thiruvananthapuram,8.5241,76.9366,20260316,1.75,28.19,downloaded
IN-TVM-THIRUVANANTHAPURAM,Kerala,Thiruvananthapuram,8.5241,76.9366,20260317,3.82,27.56,downloaded
IN-TVM-THIRUVANANTHAPURAM,Kerala,Thiruvananthapuram,8.5241,76.9366,20260318,4.15,27.64,downloaded
IN-TVM-THIRUVANANTHAPURAM,Kerala,Thiruvananthapuram,8.5241,76.9366,20260319,8.19,27.33,downloaded
IN-TVM-THIRUVANANTHAPURAM,Kerala,Thiruvananthapuram,8.5241,76.9366,20260320,1.42,28.06,downloaded
IN-TVM-THIRUVANANTHAPURAM,Kerala,Thiruvananthapuram,8.5241,76.9366,20260321,2.19,28.31,downloaded
IN-TVM-THIRUVANANTHAPURAM,Kerala,Thiruvananthapuram,8.5241,76.9366,20260322,1.14,28.68,downloaded
IN-TVM-THIRUVANANTHAPURAM,Kerala,Thiruvananthapuram,8.5241,76.9366,20260323,0.21,28.99,downloaded
IN-TVM-THIRUVANANTHAPURAM,Kerala,Thiruvananthapuram,8.5241,76.9366,20260324,0.16,29.26,downloaded
IN-TVM-THIRUVANANTHAPURAM,Kerala,Thiruvananthapuram,8.5241,76.9366,20260325,0.1,29.48,downloaded
IN-TVM-THIRUVANANTHAPURAM,Kerala,Thiruvananthapuram,8.5241,76.9366,20260326,0.0,29.39,downloaded
IN-TVM-THIRUVANANTHAPURAM,Kerala,Thiruvananthapuram,8.5241,76.9366,20260327,0.07,29.44,downloaded
IN-TVM-THIRUVANANTHAPURAM,Kerala,Thiruvananthapuram,8.5241,76.9366,20260328,6.05,28.71,downloaded
IN-TVM-THIRUVANANTHAPURAM,Kerala,Thiruvananthapuram,8.5241,76.9366,20260329,2.26,29.18,downloaded
IN-TVM-THIRUVANANTHAPURAM,Kerala,Thiruvananthapuram,8.5241,76.9366,20260330,1.7,29.16,downloaded
IN-TVM-THIRUVANANTHAPURAM,Kerala,Thiruvananthapuram,8.5241,76.9366,20260331,2.52,29.31,downloaded
IN-TVM-THIRUVANANTHAPURAM,Kerala,Thiruvananthapuram,8.5241,76.9366,20260401,0.06,29.35,downloaded
IN-TVM-THIRUVANANTHAPURAM,Kerala,Thiruvananthapuram,8.5241,76.9366,20260402,0.15,29.23,downloaded
IN-TVM-THIRUVANANTHAPURAM,Kerala,Thiruvananthapuram,8.5241,76.9366,20260403,6.26,28.71,downloaded
IN-TVM-THIRUVANANTHAPURAM,Kerala,Thiruvananthapuram,8.5241,76.9366,20260404,1.99,28.54,downloaded
IN-TVM-THIRUVANANTHAPURAM,Kerala,Thiruvananthapuram,8.5241,76.9366,20260405,5.66,28.62,downloaded
IN-TVM-THIRUVANANTHAPURAM,Kerala,Thiruvananthapuram,8.5241,76.9366,20260406,4.7,28.8,downloaded
IN-TVM-THIRUVANANTHAPURAM,Kerala,Thiruvananthapuram,8.5241,76.9366,20260407,0.4,29.27,downloaded
IN-TVM-THIRUVANANTHAPURAM,Kerala,Thiruvananthapuram,8.5241,76.9366,20260408,-999.0,-999.0,downloaded
IN-TVM-THIRUVANANTHAPURAM,Kerala,Thiruvananthapuram,8.5241,76.9366,20260409,-999.0,-999.0,downloaded
IN-TVM-THIRUVANANTHAPURAM,Kerala,Thiruvananthapuram,8.5241,76.9366,20260410,-999.0,-999.0,downloaded
IN-UDH-UDHAMSINGHNAGAR,Uttarakhand,Udham Singh Nagar,28.9617,79.515,20260301,0.0,21.76,downloaded
IN-UDH-UDHAMSINGHNAGAR,Uttarakhand,Udham Singh Nagar,28.9617,79.515,20260302,0.0,21.53,downloaded
IN-UDH-UDHAMSINGHNAGAR,Uttarakhand,Udham Singh Nagar,28.9617,79.515,20260303,0.0,22.31,downloaded
IN-UDH-UDHAMSINGHNAGAR,Uttarakhand,Udham Singh Nagar,28.9617,79.515,20260304,0.0,24.25,downloaded
IN-UDH-UDHAMSINGHNAGAR,Uttarakhand,Udham Singh Nagar,28.9617,79.515,20260305,0.0,24.59,downloaded
IN-UDH-UDHAMSINGHNAGAR,Uttarakhand,Udham Singh Nagar,28.9617,79.515,20260306,0.0,24.5,downloaded
IN-UDH-UDHAMSINGHNAGAR,Uttarakhand,Udham Singh Nagar,28.9617,79.515,20260307,0.0,25.71,downloaded
IN-UDH-UDHAMSINGHNAGAR,Uttarakhand,Udham Singh Nagar,28.9617,79.515,20260308,0.0,25.91,downloaded
IN-UDH-UDHAMSINGHNAGAR,Uttarakhand,Udham Singh Nagar,28.9617,79.515,20260309,0.0,26.23,downloaded
IN-UDH-UDHAMSINGHNAGAR,Uttarakhand,Udham Singh Nagar,28.9617,79.515,20260310,0.0,26.09,downloaded
IN-UDH-UDHAMSINGHNAGAR,Uttarakhand,Udham Singh Nagar,28.9617,79.515,20260311,0.0,26.33,downloaded
IN-UDH-UDHAMSINGHNAGAR,Uttarakhand,Udham Singh Nagar,28.9617,79.515,20260312,0.0,26.8,downloaded
IN-UDH-UDHAMSINGHNAGAR,Uttarakhand,Udham Singh Nagar,28.9617,79.515,20260313,0.0,26.04,downloaded
IN-UDH-UDHAMSINGHNAGAR,Uttarakhand,Udham Singh Nagar,28.9617,79.515,20260314,0.0,26.1,downloaded
IN-UDH-UDHAMSINGHNAGAR,Uttarakhand,Udham Singh Nagar,28.9617,79.515,20260315,1.35,24.33,downloaded
IN-UDH-UDHAMSINGHNAGAR,Uttarakhand,Udham Singh Nagar,28.9617,79.515,20260316,0.19,25.16,downloaded
IN-UDH-UDHAMSINGHNAGAR,Uttarakhand,Udham Singh Nagar,28.9617,79.515,20260317,0.0,25.05,downloaded
IN-UDH-UDHAMSINGHNAGAR,Uttarakhand,Udham Singh Nagar,28.9617,79.515,20260318,0.0,25.97,downloaded
IN-UDH-UDHAMSINGHNAGAR,Uttarakhand,Udham Singh Nagar,28.9617,79.515,20260319,0.1,24.31,downloaded
IN-UDH-UDHAMSINGHNAGAR,Uttarakhand,Udham Singh Nagar,28.9617,79.515,20260320,8.56,19.06,downloaded
IN-UDH-UDHAMSINGHNAGAR,Uttarakhand,Udham Singh Nagar,28.9617,79.515,20260321,0.33,20.99,downloaded
IN-UDH-UDHAMSINGHNAGAR,Uttarakhand,Udham Singh Nagar,28.9617,79.515,20260322,0.0,23.12,downloaded
IN-UDH-UDHAMSINGHNAGAR,Uttarakhand,Udham Singh Nagar,28.9617,79.515,20260323,0.0,24.04,downloaded
IN-UDH-UDHAMSINGHNAGAR,Uttarakhand,Udham Singh Nagar,28.9617,79.515,20260324,0.0,23.99,downloaded
IN-UDH-UDHAMSINGHNAGAR,Uttarakhand,Udham Singh Nagar,28.9617,79.515,20260325,0.0,25.12,downloaded
IN-UDH-UDHAMSINGHNAGAR,Uttarakhand,Udham Singh Nagar,28.9617,79.515,20260326,0.0,27.67,downloaded
IN-UDH-UDHAMSINGHNAGAR,Uttarakhand,Udham Singh Nagar,28.9617,79.515,20260327,0.22,27.39,downloaded
IN-UDH-UDHAMSINGHNAGAR,Uttarakhand,Udham Singh Nagar,28.9617,79.515,20260328,0.0,26.14,downloaded
IN-UDH-UDHAMSINGHNAGAR,Uttarakhand,Udham Singh Nagar,28.9617,79.515,20260329,0.0,27.98,downloaded
IN-UDH-UDHAMSINGHNAGAR,Uttarakhand,Udham Singh Nagar,28.9617,79.515,20260330,0.02,28.86,downloaded
IN-UDH-UDHAMSINGHNAGAR,Uttarakhand,Udham Singh Nagar,28.9617,79.515,20260331,0.14,29.29,downloaded
IN-UDH-UDHAMSINGHNAGAR,Uttarakhand,Udham Singh Nagar,28.9617,79.515,20260401,0.0,28.96,downloaded
IN-UDH-UDHAMSINGHNAGAR,Uttarakhand,Udham Singh Nagar,28.9617,79.515,20260402,0.0,29.26,downloaded
IN-UDH-UDHAMSINGHNAGAR,Uttarakhand,Udham Singh Nagar,28.9617,79.515,20260403,0.65,29.93,downloaded
IN-UDH-UDHAMSINGHNAGAR,Uttarakhand,Udham Singh Nagar,28.9617,79.515,20260404,1.18,27.5,downloaded
IN-UDH-UDHAMSINGHNAGAR,Uttarakhand,Udham Singh Nagar,28.9617,79.515,20260405,0.27,26.31,downloaded
IN-UDH-UDHAMSINGHNAGAR,Uttarakhand,Udham Singh Nagar,28.9617,79.515,20260406,0.15,26.16,downloaded
IN-UDH-UDHAMSINGHNAGAR,Uttarakhand,Udham Singh Nagar,28.9617,79.515,20260407,0.79,26.77,downloaded
IN-UDH-UDHAMSINGHNAGAR,Uttarakhand,Udham Singh Nagar,28.9617,79.515,20260408,-999.0,-999.0,downloaded
IN-UDH-UDHAMSINGHNAGAR,Uttarakhand,Udham Singh Nagar,28.9617,79.515,20260409,-999.0,-999.0,downloaded
IN-UDH-UDHAMSINGHNAGAR,Uttarakhand,Udham Singh Nagar,28.9617,79.515,20260410,-999.0,-999.0,downloaded
IN-UTK-UTTARKASHI,Uttarakhand,Uttarkashi,30.729,78.443,20260301,0.0,6.99,downloaded
IN-UTK-UTTARKASHI,Uttarakhand,Uttarkashi,30.729,78.443,20260302,0.0,8.0,downloaded
IN-UTK-UTTARKASHI,Uttarakhand,Uttarkashi,30.729,78.443,20260303,0.0,10.13,downloaded
IN-UTK-UTTARKASHI,Uttarakhand,Uttarkashi,30.729,78.443,20260304,0.0,12.26,downloaded
IN-UTK-UTTARKASHI,Uttarakhand,Uttarkashi,30.729,78.443,20260305,0.0,13.34,downloaded
IN-UTK-UTTARKASHI,Uttarakhand,Uttarkashi,30.729,78.443,20260306,0.0,12.96,downloaded
IN-UTK-UTTARKASHI,Uttarakhand,Uttarkashi,30.729,78.443,20260307,0.0,12.83,downloaded
IN-UTK-UTTARKASHI,Uttarakhand,Uttarkashi,30.729,78.443,20260308,0.0,12.75,downloaded
IN-UTK-UTTARKASHI,Uttarakhand,Uttarkashi,30.729,78.443,20260309,0.0,12.49,downloaded
IN-UTK-UTTARKASHI,Uttarakhand,Uttarkashi,30.729,78.443,20260310,0.0,12.54,downloaded
IN-UTK-UTTARKASHI,Uttarakhand,Uttarkashi,30.729,78.443,20260311,0.0,12.88,downloaded
IN-UTK-UTTARKASHI,Uttarakhand,Uttarkashi,30.729,78.443,20260312,0.53,12.44,downloaded
IN-UTK-UTTARKASHI,Uttarakhand,Uttarkashi,30.729,78.443,20260313,0.0,10.8,downloaded
IN-UTK-UTTARKASHI,Uttarakhand,Uttarkashi,30.729,78.443,20260314,0.35,10.44,downloaded
IN-UTK-UTTARKASHI,Uttarakhand,Uttarkashi,30.729,78.443,20260315,8.48,6.93,downloaded
IN-UTK-UTTARKASHI,Uttarakhand,Uttarkashi,30.729,78.443,20260316,6.13,6.25,downloaded
IN-UTK-UTTARKASHI,Uttarakhand,Uttarkashi,30.729,78.443,20260317,0.09,5.33,downloaded
IN-UTK-UTTARKASHI,Uttarakhand,Uttarkashi,30.729,78.443,20260318,4.19,6.37,downloaded
IN-UTK-UTTARKASHI,Uttarakhand,Uttarkashi,30.729,78.443,20260319,19.71,6.17,downloaded
IN-UTK-UTTARKASHI,Uttarakhand,Uttarkashi,30.729,78.443,20260320,51.55,3.41,downloaded
IN-UTK-UTTARKASHI,Uttarakhand,Uttarkashi,30.729,78.443,20260321,1.69,6.34,downloaded
IN-UTK-UTTARKASHI,Uttarakhand,Uttarkashi,30.729,78.443,20260322,0.02,6.88,downloaded
IN-UTK-UTTARKASHI,Uttarakhand,Uttarkashi,30.729,78.443,20260323,0.89,7.08,downloaded
IN-UTK-UTTARKASHI,Uttarakhand,Uttarkashi,30.729,78.443,20260324,0.02,6.87,downloaded
IN-UTK-UTTARKASHI,Uttarakhand,Uttarkashi,30.729,78.443,20260325,0.0,7.79,downloaded
IN-UTK-UTTARKASHI,Uttarakhand,Uttarkashi,30.729,78.443,20260326,0.02,10.56,downloaded
IN-UTK-UTTARKASHI,Uttarakhand,Uttarkashi,30.729,78.443,20260327,1.24,10.11,downloaded
IN-UTK-UTTARKASHI,Uttarakhand,Uttarkashi,30.729,78.443,20260328,0.09,10.42,downloaded
IN-UTK-UTTARKASHI,Uttarakhand,Uttarkashi,30.729,78.443,20260329,0.85,11.02,downloaded
IN-UTK-UTTARKASHI,Uttarakhand,Uttarkashi,30.729,78.443,20260330,2.01,10.92,downloaded
IN-UTK-UTTARKASHI,Uttarakhand,Uttarkashi,30.729,78.443,20260331,0.45,12.29,downloaded
IN-UTK-UTTARKASHI,Uttarakhand,Uttarkashi,30.729,78.443,20260401,0.52,10.77,downloaded
IN-UTK-UTTARKASHI,Uttarakhand,Uttarkashi,30.729,78.443,20260402,0.08,12.2,downloaded
IN-UTK-UTTARKASHI,Uttarakhand,Uttarkashi,30.729,78.443,20260403,1.83,12.37,downloaded
IN-UTK-UTTARKASHI,Uttarakhand,Uttarkashi,30.729,78.443,20260404,7.57,8.46,downloaded
IN-UTK-UTTARKASHI,Uttarakhand,Uttarkashi,30.729,78.443,20260405,3.0,8.46,downloaded
IN-UTK-UTTARKASHI,Uttarakhand,Uttarkashi,30.729,78.443,20260406,2.9,8.29,downloaded
IN-UTK-UTTARKASHI,Uttarakhand,Uttarkashi,30.729,78.443,20260407,2.08,8.26,downloaded
IN-UTK-UTTARKASHI,Uttarakhand,Uttarkashi,30.729,78.443,20260408,-999.0,-999.0,downloaded
IN-UTK-UTTARKASHI,Uttarakhand,Uttarkashi,30.729,78.443,20260409,-999.0,-999.0,downloaded
IN-UTK-UTTARKASHI,Uttarakhand,Uttarkashi,30.729,78.443,20260410,-999.0,-999.0,downloaded
IN-WAY-WAYANAD,Kerala,Wayanad,11.6854,76.132,20260301,0.33,25.61,downloaded
IN-WAY-WAYANAD,Kerala,Wayanad,11.6854,76.132,20260302,0.02,26.08,downloaded
IN-WAY-WAYANAD,Kerala,Wayanad,11.6854,76.132,20260303,0.17,26.33,downloaded
IN-WAY-WAYANAD,Kerala,Wayanad,11.6854,76.132,20260304,0.15,26.42,downloaded
IN-WAY-WAYANAD,Kerala,Wayanad,11.6854,76.132,20260305,0.06,26.35,downloaded
IN-WAY-WAYANAD,Kerala,Wayanad,11.6854,76.132,20260306,0.64,26.74,downloaded
IN-WAY-WAYANAD,Kerala,Wayanad,11.6854,76.132,20260307,0.87,26.85,downloaded
IN-WAY-WAYANAD,Kerala,Wayanad,11.6854,76.132,20260308,1.0,26.68,downloaded
IN-WAY-WAYANAD,Kerala,Wayanad,11.6854,76.132,20260309,1.04,26.33,downloaded
IN-WAY-WAYANAD,Kerala,Wayanad,11.6854,76.132,20260310,0.16,26.08,downloaded
IN-WAY-WAYANAD,Kerala,Wayanad,11.6854,76.132,20260311,0.2,26.52,downloaded
IN-WAY-WAYANAD,Kerala,Wayanad,11.6854,76.132,20260312,0.28,26.98,downloaded
IN-WAY-WAYANAD,Kerala,Wayanad,11.6854,76.132,20260313,0.25,27.09,downloaded
IN-WAY-WAYANAD,Kerala,Wayanad,11.6854,76.132,20260314,0.66,26.68,downloaded
IN-WAY-WAYANAD,Kerala,Wayanad,11.6854,76.132,20260315,1.47,26.69,downloaded
IN-WAY-WAYANAD,Kerala,Wayanad,11.6854,76.132,20260316,2.91,26.55,downloaded
IN-WAY-WAYANAD,Kerala,Wayanad,11.6854,76.132,20260317,2.97,25.87,downloaded
IN-WAY-WAYANAD,Kerala,Wayanad,11.6854,76.132,20260318,2.9,25.34,downloaded
IN-WAY-WAYANAD,Kerala,Wayanad,11.6854,76.132,20260319,3.71,24.92,downloaded
IN-WAY-WAYANAD,Kerala,Wayanad,11.6854,76.132,20260320,0.12,25.87,downloaded
IN-WAY-WAYANAD,Kerala,Wayanad,11.6854,76.132,20260321,0.43,27.08,downloaded
IN-WAY-WAYANAD,Kerala,Wayanad,11.6854,76.132,20260322,1.34,26.98,downloaded
IN-WAY-WAYANAD,Kerala,Wayanad,11.6854,76.132,20260323,0.48,27.25,downloaded
IN-WAY-WAYANAD,Kerala,Wayanad,11.6854,76.132,20260324,0.66,27.36,downloaded
IN-WAY-WAYANAD,Kerala,Wayanad,11.6854,76.132,20260325,0.55,27.6,downloaded
IN-WAY-WAYANAD,Kerala,Wayanad,11.6854,76.132,20260326,0.24,28.31,downloaded
IN-WAY-WAYANAD,Kerala,Wayanad,11.6854,76.132,20260327,0.83,28.09,downloaded
IN-WAY-WAYANAD,Kerala,Wayanad,11.6854,76.132,20260328,3.77,27.0,downloaded
IN-WAY-WAYANAD,Kerala,Wayanad,11.6854,76.132,20260329,2.49,27.7,downloaded
IN-WAY-WAYANAD,Kerala,Wayanad,11.6854,76.132,20260330,1.68,27.34,downloaded
IN-WAY-WAYANAD,Kerala,Wayanad,11.6854,76.132,20260331,0.7,27.6,downloaded
IN-WAY-WAYANAD,Kerala,Wayanad,11.6854,76.132,20260401,0.73,27.68,downloaded
IN-WAY-WAYANAD,Kerala,Wayanad,11.6854,76.132,20260402,1.01,27.29,downloaded
IN-WAY-WAYANAD,Kerala,Wayanad,11.6854,76.132,20260403,2.95,27.23,downloaded
IN-WAY-WAYANAD,Kerala,Wayanad,11.6854,76.132,20260404,4.89,26.54,downloaded
IN-WAY-WAYANAD,Kerala,Wayanad,11.6854,76.132,20260405,9.53,26.03,downloaded
IN-WAY-WAYANAD,Kerala,Wayanad,11.6854,76.132,20260406,4.21,26.42,downloaded
IN-WAY-WAYANAD,Kerala,Wayanad,11.6854,76.132,20260407,0.01,27.07,downloaded
IN-WAY-WAYANAD,Kerala,Wayanad,11.6854,76.132,20260408,-999.0,-999.0,downloaded
IN-WAY-WAYANAD,Kerala,Wayanad,11.6854,76.132,20260409,-999.0,-999.0,downloaded
IN-WAY-WAYANAD,Kerala,Wayanad,11.6854,76.132,20260410,-999.0,-999.0,downloaded
