region_id,date,rainfall_mm
IN-TVM-THIRUVANANTHAPURAM,2026-04-01,16
IN-TVM-THIRUVANANTHAPURAM,2026-04-02,20
IN-TVM-THIRUVANANTHAPURAM,2026-04-03,24
IN-TVM-THIRUVANANTHAPURAM,2026-04-04,28
IN-TVM-THIRUVANANTHAPURAM,2026-04-05,32
IN-TVM-THIRUVANANTHAPURAM,2026-04-06,36
IN-TVM-THIRUVANANTHAPURAM,2026-04-07,40
IN-TVM-THIRUVANANTHAPURAM,2026-04-08,44
IN-TVM-THIRUVANANTHAPURAM,2026-04-09,48
IN-TVM-THIRUVANANTHAPURAM,2026-04-10,52
IN-KOL-KOLLAM,2026-04-01,18
IN-KOL-KOLLAM,2026-04-02,22
IN-KOL-KOLLAM,2026-04-03,26
IN-KOL-KOLLAM,2026-04-04,30
IN-KOL-KOLLAM,2026-04-05,34
IN-KOL-KOLLAM,2026-04-06,38
IN-KOL-KOLLAM,2026-04-07,42
IN-KOL-KOLLAM,2026-04-08,46
IN-KOL-KOLLAM,2026-04-09,50
IN-KOL-KOLLAM,2026-04-10,54
IN-PAT-PATHANAMTHITTA,2026-04-01,39
IN-PAT-PATHANAMTHITTA,2026-04-02,45
IN-PAT-PATHANAMTHITTA,2026-04-03,55
IN-PAT-PATHANAMTHITTA,2026-04-04,61
IN-PAT-PATHANAMTHITTA,2026-04-05,67
IN-PAT-PATHANAMTHITTA,2026-04-06,73
IN-PAT-PATHANAMTHITTA,2026-04-07,79
IN-PAT-PATHANAMTHITTA,2026-04-08,85
IN-PAT-PATHANAMTHITTA,2026-04-09,91
IN-PAT-PATHANAMTHITTA,2026-04-10,97
IN-ALA-ALAPPUZHA,2026-04-01,12
IN-ALA-ALAPPUZHA,2026-04-02,15
IN-ALA-ALAPPUZHA,2026-04-03,18
IN-ALA-ALAPPUZHA,2026-04-04,21
IN-ALA-ALAPPUZHA,2026-04-05,24
IN-ALA-ALAPPUZHA,2026-04-06,27
IN-ALA-ALAPPUZHA,2026-04-07,30
IN-ALA-ALAPPUZHA,2026-04-08,33
IN-ALA-ALAPPUZHA,2026-04-09,36
IN-ALA-ALAPPUZHA,2026-04-10,39
IN-KOT-KOTTAYAM,2026-04-01,22
IN-KOT-KOTTAYAM,2026-04-02,26
IN-KOT-KOTTAYAM,2026-04-03,30
IN-KOT-KOTTAYAM,2026-04-04,34
IN-KOT-KOTTAYAM,2026-04-05,38
IN-KOT-KOTTAYAM,2026-04-06,42
IN-KOT-KOTTAYAM,2026-04-07,46
IN-KOT-KOTTAYAM,2026-04-08,50
IN-KOT-KOTTAYAM,2026-04-09,54
IN-KOT-KOTTAYAM,2026-04-10,58
IN-IDU-IDUKKI,2026-04-01,118
IN-IDU-IDUKKI,2026-04-02,129
IN-IDU-IDUKKI,2026-04-03,140
IN-IDU-IDUKKI,2026-04-04,151
IN-IDU-IDUKKI,2026-04-05,162
IN-IDU-IDUKKI,2026-04-06,173
IN-IDU-IDUKKI,2026-04-07,187
IN-IDU-IDUKKI,2026-04-08,198
IN-IDU-IDUKKI,2026-04-09,209
IN-IDU-IDUKKI,2026-04-10,220
IN-ERN-ERNAKULAM,2026-04-01,14
IN-ERN-ERNAKULAM,2026-04-02,17
IN-ERN-ERNAKULAM,2026-04-03,20
IN-ERN-ERNAKULAM,2026-04-04,23
IN-ERN-ERNAKULAM,2026-04-05,26
IN-ERN-ERNAKULAM,2026-04-06,29
IN-ERN-ERNAKULAM,2026-04-07,32
IN-ERN-ERNAKULAM,2026-04-08,35
IN-ERN-ERNAKULAM,2026-04-09,38
IN-ERN-ERNAKULAM,2026-04-10,41
IN-THR-THRISSUR,2026-04-01,15
IN-THR-THRISSUR,2026-04-02,18
IN-THR-THRISSUR,2026-04-03,21
IN-THR-THRISSUR,2026-04-04,24
IN-THR-THRISSUR,2026-04-05,27
IN-THR-THRISSUR,2026-04-06,30
IN-THR-THRISSUR,2026-04-07,33
IN-THR-THRISSUR,2026-04-08,36
IN-THR-THRISSUR,2026-04-09,39
IN-THR-THRISSUR,2026-04-10,42
IN-PAL-PALAKKAD,2026-04-01,34
IN-PAL-PALAKKAD,2026-04-02,39
IN-PAL-PALAKKAD,2026-04-03,48
IN-PAL-PALAKKAD,2026-04-04,53
IN-PAL-PALAKKAD,2026-04-05,58
IN-PAL-PALAKKAD,2026-04-06,63
IN-PAL-PALAKKAD,2026-04-07,68
IN-PAL-PALAKKAD,2026-04-08,73
IN-PAL-PALAKKAD,2026-04-09,78
IN-PAL-PALAKKAD,2026-04-10,83
IN-MAL-MALAPPURAM,2026-04-01,31
IN-MAL-MALAPPURAM,2026-04-02,36
IN-MAL-MALAPPURAM,2026-04-03,45
IN-MAL-MALAPPURAM,2026-04-04,50
IN-MAL-MALAPPURAM,2026-04-05,55
IN-MAL-MALAPPURAM,2026-04-06,60
IN-MAL-MALAPPURAM,2026-04-07,65
IN-MAL-MALAPPURAM,2026-04-08,70
IN-MAL-MALAPPURAM,2026-04-09,75
IN-MAL-MALAPPURAM,2026-04-10,80
IN-KOZ-KOZHIKODE,2026-04-01,13
IN-KOZ-KOZHIKODE,2026-04-02,16
IN-KOZ-KOZHIKODE,2026-04-03,19
IN-KOZ-KOZHIKODE,2026-04-04,22
IN-KOZ-KOZHIKODE,2026-04-05,25
IN-KOZ-KOZHIKODE,2026-04-06,28
IN-KOZ-KOZHIKODE,2026-04-07,31
IN-KOZ-KOZHIKODE,2026-04-08,34
IN-KOZ-KOZHIKODE,2026-04-09,37
IN-KOZ-KOZHIKODE,2026-04-10,40
IN-WAY-WAYANAD,2026-04-01,94
IN-WAY-WAYANAD,2026-04-02,104
IN-WAY-WAYANAD,2026-04-03,114
IN-WAY-WAYANAD,2026-04-04,124
IN-WAY-WAYANAD,2026-04-05,134
IN-WAY-WAYANAD,2026-04-06,144
IN-WAY-WAYANAD,2026-04-07,157
IN-WAY-WAYANAD,2026-04-08,167
IN-WAY-WAYANAD,2026-04-09,177
IN-WAY-WAYANAD,2026-04-10,187
IN-KAN-KANNUR,2026-04-01,12
IN-KAN-KANNUR,2026-04-02,14
IN-KAN-KANNUR,2026-04-03,17
IN-KAN-KANNUR,2026-04-04,20
IN-KAN-KANNUR,2026-04-05,23
IN-KAN-KANNUR,2026-04-06,26
IN-KAN-KANNUR,2026-04-07,29
IN-KAN-KANNUR,2026-04-08,32
IN-KAN-KANNUR,2026-04-09,35
IN-KAN-KANNUR,2026-04-10,38
IN-KAS-KASARAGOD,2026-04-01,12
IN-KAS-KASARAGOD,2026-04-02,13
IN-KAS-KASARAGOD,2026-04-03,16
IN-KAS-KASARAGOD,2026-04-04,19
IN-KAS-KASARAGOD,2026-04-05,22
IN-KAS-KASARAGOD,2026-04-06,25
IN-KAS-KASARAGOD,2026-04-07,28
IN-KAS-KASARAGOD,2026-04-08,31
IN-KAS-KASARAGOD,2026-04-09,34
IN-KAS-KASARAGOD,2026-04-10,37
IN-KOD-KODAGU,2026-04-01,88
IN-KOD-KODAGU,2026-04-02,97
IN-KOD-KODAGU,2026-04-03,106
IN-KOD-KODAGU,2026-04-04,115
IN-KOD-KODAGU,2026-04-05,124
IN-KOD-KODAGU,2026-04-06,133
IN-KOD-KODAGU,2026-04-07,145
IN-KOD-KODAGU,2026-04-08,154
IN-KOD-KODAGU,2026-04-09,163
IN-KOD-KODAGU,2026-04-10,172
IN-CHI-CHIKKAMAGALURU,2026-04-01,76
IN-CHI-CHIKKAMAGALURU,2026-04-02,84
IN-CHI-CHIKKAMAGALURU,2026-04-03,92
IN-CHI-CHIKKAMAGALURU,2026-04-04,100
IN-CHI-CHIKKAMAGALURU,2026-04-05,108
IN-CHI-CHIKKAMAGALURU,2026-04-06,116
IN-CHI-CHIKKAMAGALURU,2026-04-07,127
IN-CHI-CHIKKAMAGALURU,2026-04-08,135
IN-CHI-CHIKKAMAGALURU,2026-04-09,143
IN-CHI-CHIKKAMAGALURU,2026-04-10,151
IN-NIL-NILGIRIS,2026-04-01,71
IN-NIL-NILGIRIS,2026-04-02,79
IN-NIL-NILGIRIS,2026-04-03,87
IN-NIL-NILGIRIS,2026-04-04,95
IN-NIL-NILGIRIS,2026-04-05,103
IN-NIL-NILGIRIS,2026-04-06,111
IN-NIL-NILGIRIS,2026-04-07,122
IN-NIL-NILGIRIS,2026-04-08,130
IN-NIL-NILGIRIS,2026-04-09,138
IN-NIL-NILGIRIS,2026-04-10,146
IN-DIN-DINDIGUL,2026-04-01,50
IN-DIN-DINDIGUL,2026-04-02,57
IN-DIN-DINDIGUL,2026-04-03,68
IN-DIN-DINDIGUL,2026-04-04,75
IN-DIN-DINDIGUL,2026-04-05,82
IN-DIN-DINDIGUL,2026-04-06,89
IN-DIN-DINDIGUL,2026-04-07,96
IN-DIN-DINDIGUL,2026-04-08,103
IN-DIN-DINDIGUL,2026-04-09,110
IN-DIN-DINDIGUL,2026-04-10,117
IN-RAI-RAIGAD,2026-04-01,45
IN-RAI-RAIGAD,2026-04-02,51
IN-RAI-RAIGAD,2026-04-03,61
IN-RAI-RAIGAD,2026-04-04,67
IN-RAI-RAIGAD,2026-04-05,73
IN-RAI-RAIGAD,2026-04-06,79
IN-RAI-RAIGAD,2026-04-07,85
IN-RAI-RAIGAD,2026-04-08,91
IN-RAI-RAIGAD,2026-04-09,97
IN-RAI-RAIGAD,2026-04-10,103
IN-RAT-RATNAGIRI,2026-04-01,40
IN-RAT-RATNAGIRI,2026-04-02,46
IN-RAT-RATNAGIRI,2026-04-03,56
IN-RAT-RATNAGIRI,2026-04-04,62
IN-RAT-RATNAGIRI,2026-04-05,68
IN-RAT-RATNAGIRI,2026-04-06,74
IN-RAT-RATNAGIRI,2026-04-07,80
IN-RAT-RATNAGIRI,2026-04-08,86
IN-RAT-RATNAGIRI,2026-04-09,92
IN-RAT-RATNAGIRI,2026-04-10,98
IN-SAT-SATARA,2026-04-01,38
IN-SAT-SATARA,2026-04-02,43
IN-SAT-SATARA,2026-04-03,52
IN-SAT-SATARA,2026-04-04,57
IN-SAT-SATARA,2026-04-05,62
IN-SAT-SATARA,2026-04-06,67
IN-SAT-SATARA,2026-04-07,72
IN-SAT-SATARA,2026-04-08,77
IN-SAT-SATARA,2026-04-09,82
IN-SAT-SATARA,2026-04-10,87
IN-NGO-NORTHGOA,2026-04-01,22
IN-NGO-NORTHGOA,2026-04-02,26
IN-NGO-NORTHGOA,2026-04-03,30
IN-NGO-NORTHGOA,2026-04-04,34
IN-NGO-NORTHGOA,2026-04-05,38
IN-NGO-NORTHGOA,2026-04-06,42
IN-NGO-NORTHGOA,2026-04-07,46
IN-NGO-NORTHGOA,2026-04-08,50
IN-NGO-NORTHGOA,2026-04-09,54
IN-NGO-NORTHGOA,2026-04-10,58
IN-DAR-DARJEELING,2026-04-01,22
IN-DAR-DARJEELING,2026-04-02,28
IN-DAR-DARJEELING,2026-04-03,34
IN-DAR-DARJEELING,2026-04-04,40
IN-DAR-DARJEELING,2026-04-05,46
IN-DAR-DARJEELING,2026-04-06,52
IN-DAR-DARJEELING,2026-04-07,58
IN-DAR-DARJEELING,2026-04-08,64
IN-DAR-DARJEELING,2026-04-09,70
IN-DAR-DARJEELING,2026-04-10,76
IN-KAL-KALIMPONG,2026-04-01,41
IN-KAL-KALIMPONG,2026-04-02,48
IN-KAL-KALIMPONG,2026-04-03,59
IN-KAL-KALIMPONG,2026-04-04,66
IN-KAL-KALIMPONG,2026-04-05,73
IN-KAL-KALIMPONG,2026-04-06,80
IN-KAL-KALIMPONG,2026-04-07,87
IN-KAL-KALIMPONG,2026-04-08,94
IN-KAL-KALIMPONG,2026-04-09,101
IN-KAL-KALIMPONG,2026-04-10,108
IN-GAN-GANGTOK,2026-04-01,70
IN-GAN-GANGTOK,2026-04-02,79
IN-GAN-GANGTOK,2026-04-03,88
IN-GAN-GANGTOK,2026-04-04,97
IN-GAN-GANGTOK,2026-04-05,106
IN-GAN-GANGTOK,2026-04-06,115
IN-GAN-GANGTOK,2026-04-07,127
IN-GAN-GANGTOK,2026-04-08,136
IN-GAN-GANGTOK,2026-04-09,145
IN-GAN-GANGTOK,2026-04-10,154
IN-NAM-NAMCHI,2026-04-01,54
IN-NAM-NAMCHI,2026-04-02,62
IN-NAM-NAMCHI,2026-04-03,74
IN-NAM-NAMCHI,2026-04-04,82
IN-NAM-NAMCHI,2026-04-05,90
IN-NAM-NAMCHI,2026-04-06,98
IN-NAM-NAMCHI,2026-04-07,106
IN-NAM-NAMCHI,2026-04-08,114
IN-NAM-NAMCHI,2026-04-09,122
IN-NAM-NAMCHI,2026-04-10,130
IN-MAN-MANGAN,2026-04-01,63
IN-MAN-MANGAN,2026-04-02,71
IN-MAN-MANGAN,2026-04-03,79
IN-MAN-MANGAN,2026-04-04,87
IN-MAN-MANGAN,2026-04-05,95
IN-MAN-MANGAN,2026-04-06,103
IN-MAN-MANGAN,2026-04-07,114
IN-MAN-MANGAN,2026-04-08,122
IN-MAN-MANGAN,2026-04-09,130
IN-MAN-MANGAN,2026-04-10,138
IN-SHI-SHIMLA,2026-04-01,83
IN-SHI-SHIMLA,2026-04-02,92
IN-SHI-SHIMLA,2026-04-03,101
IN-SHI-SHIMLA,2026-04-04,110
IN-SHI-SHIMLA,2026-04-05,119
IN-SHI-SHIMLA,2026-04-06,128
IN-SHI-SHIMLA,2026-04-07,140
IN-SHI-SHIMLA,2026-04-08,149
IN-SHI-SHIMLA,2026-04-09,158
IN-SHI-SHIMLA,2026-04-10,167
IN-KUL-KULLU,2026-04-01,54
IN-KUL-KULLU,2026-04-02,63
IN-KUL-KULLU,2026-04-03,76
IN-KUL-KULLU,2026-04-04,85
IN-KUL-KULLU,2026-04-05,94
IN-KUL-KULLU,2026-04-06,103
IN-KUL-KULLU,2026-04-07,112
IN-KUL-KULLU,2026-04-08,121
IN-KUL-KULLU,2026-04-09,130
IN-KUL-KULLU,2026-04-10,139
IN-CHM-CHAMBA,2026-04-01,31
IN-CHM-CHAMBA,2026-04-02,39
IN-CHM-CHAMBA,2026-04-03,47
IN-CHM-CHAMBA,2026-04-04,55
IN-CHM-CHAMBA,2026-04-05,63
IN-CHM-CHAMBA,2026-04-06,71
IN-CHM-CHAMBA,2026-04-07,79
IN-CHM-CHAMBA,2026-04-08,87
IN-CHM-CHAMBA,2026-04-09,95
IN-CHM-CHAMBA,2026-04-10,103
IN-KIN-KINNAUR,2026-04-01,69
IN-KIN-KINNAUR,2026-04-02,76
IN-KIN-KINNAUR,2026-04-03,83
IN-KIN-KINNAUR,2026-04-04,90
IN-KIN-KINNAUR,2026-04-05,97
IN-KIN-KINNAUR,2026-04-06,104
IN-KIN-KINNAUR,2026-04-07,114
IN-KIN-KINNAUR,2026-04-08,121
IN-KIN-KINNAUR,2026-04-09,128
IN-KIN-KINNAUR,2026-04-10,135
IN-MAN-MANDI,2026-04-01,42
IN-MAN-MANDI,2026-04-02,49
IN-MAN-MANDI,2026-04-03,60
IN-MAN-MANDI,2026-04-04,67
IN-MAN-MANDI,2026-04-05,74
IN-MAN-MANDI,2026-04-06,81
IN-MAN-MANDI,2026-04-07,88
IN-MAN-MANDI,2026-04-08,95
IN-MAN-MANDI,2026-04-09,102
IN-MAN-MANDI,2026-04-10,109
IN-ALM-ALMORA,2026-04-01,25
IN-ALM-ALMORA,2026-04-02,30
IN-ALM-ALMORA,2026-04-03,35
IN-ALM-ALMORA,2026-04-04,40
IN-ALM-ALMORA,2026-04-05,45
IN-ALM-ALMORA,2026-04-06,50
IN-ALM-ALMORA,2026-04-07,55
IN-ALM-ALMORA,2026-04-08,60
IN-ALM-ALMORA,2026-04-09,65
IN-ALM-ALMORA,2026-04-10,70
IN-BAG-BAGESHWAR,2026-04-01,42
IN-BAG-BAGESHWAR,2026-04-02,48
IN-BAG-BAGESHWAR,2026-04-03,58
IN-BAG-BAGESHWAR,2026-04-04,64
IN-BAG-BAGESHWAR,2026-04-05,70
IN-BAG-BAGESHWAR,2026-04-06,76
IN-BAG-BAGESHWAR,2026-04-07,82
IN-BAG-BAGESHWAR,2026-04-08,88
IN-BAG-BAGESHWAR,2026-04-09,94
IN-BAG-BAGESHWAR,2026-04-10,100
IN-CHA-CHAMOLI,2026-04-01,91
IN-CHA-CHAMOLI,2026-04-02,101
IN-CHA-CHAMOLI,2026-04-03,111
IN-CHA-CHAMOLI,2026-04-04,121
IN-CHA-CHAMOLI,2026-04-05,131
IN-CHA-CHAMOLI,2026-04-06,141
IN-CHA-CHAMOLI,2026-04-07,154
IN-CHA-CHAMOLI,2026-04-08,164
IN-CHA-CHAMOLI,2026-04-09,174
IN-CHA-CHAMOLI,2026-04-10,184
IN-CHP-CHAMPAWAT,2026-04-01,28
IN-CHP-CHAMPAWAT,2026-04-02,33
IN-CHP-CHAMPAWAT,2026-04-03,38
IN-CHP-CHAMPAWAT,2026-04-04,43
IN-CHP-CHAMPAWAT,2026-04-05,48
IN-CHP-CHAMPAWAT,2026-04-06,53
IN-CHP-CHAMPAWAT,2026-04-07,58
IN-CHP-CHAMPAWAT,2026-04-08,63
IN-CHP-CHAMPAWAT,2026-04-09,68
IN-CHP-CHAMPAWAT,2026-04-10,73
IN-DEH-DEHRADUN,2026-04-01,16
IN-DEH-DEHRADUN,2026-04-02,20
IN-DEH-DEHRADUN,2026-04-03,24
IN-DEH-DEHRADUN,2026-04-04,28
IN-DEH-DEHRADUN,2026-04-05,32
IN-DEH-DEHRADUN,2026-04-06,36
IN-DEH-DEHRADUN,2026-04-07,40
IN-DEH-DEHRADUN,2026-04-08,44
IN-DEH-DEHRADUN,2026-04-09,48
IN-DEH-DEHRADUN,2026-04-10,52
IN-HAR-HARIDWAR,2026-04-01,12
IN-HAR-HARIDWAR,2026-04-02,12
IN-HAR-HARIDWAR,2026-04-03,14
IN-HAR-HARIDWAR,2026-04-04,17
IN-HAR-HARIDWAR,2026-04-05,20
IN-HAR-HARIDWAR,2026-04-06,23
IN-HAR-HARIDWAR,2026-04-07,26
IN-HAR-HARIDWAR,2026-04-08,29
IN-HAR-HARIDWAR,2026-04-09,32
IN-HAR-HARIDWAR,2026-04-10,35
IN-PIT-PITHORAGARH,2026-04-01,82
IN-PIT-PITHORAGARH,2026-04-02,91
IN-PIT-PITHORAGARH,2026-04-03,100
IN-PIT-PITHORAGARH,2026-04-04,109
IN-PIT-PITHORAGARH,2026-04-05,118
IN-PIT-PITHORAGARH,2026-04-06,127
IN-PIT-PITHORAGARH,2026-04-07,139
IN-PIT-PITHORAGARH,2026-04-08,148
IN-PIT-PITHORAGARH,2026-04-09,157
IN-PIT-PITHORAGARH,2026-04-10,166
IN-PAU-PAURIGARHWAL,2026-04-01,27
IN-PAU-PAURIGARHWAL,2026-04-02,32
IN-PAU-PAURIGARHWAL,2026-04-03,37
IN-PAU-PAURIGARHWAL,2026-04-04,42
IN-PAU-PAURIGARHWAL,2026-04-05,47
IN-PAU-PAURIGARHWAL,2026-04-06,52
IN-PAU-PAURIGARHWAL,2026-04-07,57
IN-PAU-PAURIGARHWAL,2026-04-08,62
IN-PAU-PAURIGARHWAL,2026-04-09,67
IN-PAU-PAURIGARHWAL,2026-04-10,72
IN-RUD-RUDRAPRAYAG,2026-04-01,58
IN-RUD-RUDRAPRAYAG,2026-04-02,66
IN-RUD-RUDRAPRAYAG,2026-04-03,78
IN-RUD-RUDRAPRAYAG,2026-04-04,86
IN-RUD-RUDRAPRAYAG,2026-04-05,94
IN-RUD-RUDRAPRAYAG,2026-04-06,102
IN-RUD-RUDRAPRAYAG,2026-04-07,110
IN-RUD-RUDRAPRAYAG,2026-04-08,118
IN-RUD-RUDRAPRAYAG,2026-04-09,126
IN-RUD-RUDRAPRAYAG,2026-04-10,134
IN-TEH-TEHRIGARHWAL,2026-04-01,53
IN-TEH-TEHRIGARHWAL,2026-04-02,60
IN-TEH-TEHRIGARHWAL,2026-04-03,71
IN-TEH-TEHRIGARHWAL,2026-04-04,78
IN-TEH-TEHRIGARHWAL,2026-04-05,85
IN-TEH-TEHRIGARHWAL,2026-04-06,92
IN-TEH-TEHRIGARHWAL,2026-04-07,99
IN-TEH-TEHRIGARHWAL,2026-04-08,106
IN-TEH-TEHRIGARHWAL,2026-04-09,113
IN-TEH-TEHRIGARHWAL,2026-04-10,120
IN-UDH-UDHAMSINGHNAGAR,2026-04-01,12
IN-UDH-UDHAMSINGHNAGAR,2026-04-02,12
IN-UDH-UDHAMSINGHNAGAR,2026-04-03,12
IN-UDH-UDHAMSINGHNAGAR,2026-04-04,15
IN-UDH-UDHAMSINGHNAGAR,2026-04-05,18
IN-UDH-UDHAMSINGHNAGAR,2026-04-06,21
IN-UDH-UDHAMSINGHNAGAR,2026-04-07,24
IN-UDH-UDHAMSINGHNAGAR,2026-04-08,27
IN-UDH-UDHAMSINGHNAGAR,2026-04-09,30
IN-UDH-UDHAMSINGHNAGAR,2026-04-10,33
IN-UTK-UTTARKASHI,2026-04-01,57
IN-UTK-UTTARKASHI,2026-04-02,65
IN-UTK-UTTARKASHI,2026-04-03,77
IN-UTK-UTTARKASHI,2026-04-04,85
IN-UTK-UTTARKASHI,2026-04-05,93
IN-UTK-UTTARKASHI,2026-04-06,101
IN-UTK-UTTARKASHI,2026-04-07,109
IN-UTK-UTTARKASHI,2026-04-08,117
IN-UTK-UTTARKASHI,2026-04-09,125
IN-UTK-UTTARKASHI,2026-04-10,133
IN-NAI-NAINITAL,2026-04-01,32
IN-NAI-NAINITAL,2026-04-02,38
IN-NAI-NAINITAL,2026-04-03,44
IN-NAI-NAINITAL,2026-04-04,50
IN-NAI-NAINITAL,2026-04-05,56
IN-NAI-NAINITAL,2026-04-06,62
IN-NAI-NAINITAL,2026-04-07,68
IN-NAI-NAINITAL,2026-04-08,74
IN-NAI-NAINITAL,2026-04-09,80
IN-NAI-NAINITAL,2026-04-10,86
IN-AIZ-AIZAWL,2026-04-01,118
IN-AIZ-AIZAWL,2026-04-02,127
IN-AIZ-AIZAWL,2026-04-03,136
IN-AIZ-AIZAWL,2026-04-04,145
IN-AIZ-AIZAWL,2026-04-05,154
IN-AIZ-AIZAWL,2026-04-06,163
IN-AIZ-AIZAWL,2026-04-07,175
IN-AIZ-AIZAWL,2026-04-08,184
IN-AIZ-AIZAWL,2026-04-09,193
IN-AIZ-AIZAWL,2026-04-10,202
IN-LUN-LUNGLEI,2026-04-01,78
IN-LUN-LUNGLEI,2026-04-02,87
IN-LUN-LUNGLEI,2026-04-03,96
IN-LUN-LUNGLEI,2026-04-04,105
IN-LUN-LUNGLEI,2026-04-05,114
IN-LUN-LUNGLEI,2026-04-06,123
IN-LUN-LUNGLEI,2026-04-07,135
IN-LUN-LUNGLEI,2026-04-08,144
IN-LUN-LUNGLEI,2026-04-09,153
IN-LUN-LUNGLEI,2026-04-10,162
IN-KOL-KOLASIB,2026-04-01,44
IN-KOL-KOLASIB,2026-04-02,51
IN-KOL-KOLASIB,2026-04-03,62
IN-KOL-KOLASIB,2026-04-04,69
IN-KOL-KOLASIB,2026-04-05,76
IN-KOL-KOLASIB,2026-04-06,83
IN-KOL-KOLASIB,2026-04-07,90
IN-KOL-KOLASIB,2026-04-08,97
IN-KOL-KOLASIB,2026-04-09,104
IN-KOL-KOLASIB,2026-04-10,111
IN-EKH-EASTKHASIHILLS,2026-04-01,72
IN-EKH-EASTKHASIHILLS,2026-04-02,81
IN-EKH-EASTKHASIHILLS,2026-04-03,90
IN-EKH-EASTKHASIHILLS,2026-04-04,99
IN-EKH-EASTKHASIHILLS,2026-04-05,108
IN-EKH-EASTKHASIHILLS,2026-04-06,117
IN-EKH-EASTKHASIHILLS,2026-04-07,129
IN-EKH-EASTKHASIHILLS,2026-04-08,138
IN-EKH-EASTKHASIHILLS,2026-04-09,147
IN-EKH-EASTKHASIHILLS,2026-04-10,156
IN-WJH-WESTJAINTIAHILLS,2026-04-01,52
IN-WJH-WESTJAINTIAHILLS,2026-04-02,60
IN-WJH-WESTJAINTIAHILLS,2026-04-03,72
IN-WJH-WESTJAINTIAHILLS,2026-04-04,80
IN-WJH-WESTJAINTIAHILLS,2026-04-05,88
IN-WJH-WESTJAINTIAHILLS,2026-04-06,96
IN-WJH-WESTJAINTIAHILLS,2026-04-07,104
IN-WJH-WESTJAINTIAHILLS,2026-04-08,112
IN-WJH-WESTJAINTIAHILLS,2026-04-09,120
IN-WJH-WESTJAINTIAHILLS,2026-04-10,128
IN-SGH-SOUTHGAROHILLS,2026-04-01,27
IN-SGH-SOUTHGAROHILLS,2026-04-02,33
IN-SGH-SOUTHGAROHILLS,2026-04-03,39
IN-SGH-SOUTHGAROHILLS,2026-04-04,45
IN-SGH-SOUTHGAROHILLS,2026-04-05,51
IN-SGH-SOUTHGAROHILLS,2026-04-06,57
IN-SGH-SOUTHGAROHILLS,2026-04-07,63
IN-SGH-SOUTHGAROHILLS,2026-04-08,69
IN-SGH-SOUTHGAROHILLS,2026-04-09,75
IN-SGH-SOUTHGAROHILLS,2026-04-10,81
IN-DIM-DIMAHASAO,2026-04-01,28
IN-DIM-DIMAHASAO,2026-04-02,35
IN-DIM-DIMAHASAO,2026-04-03,42
IN-DIM-DIMAHASAO,2026-04-04,49
IN-DIM-DIMAHASAO,2026-04-05,56
IN-DIM-DIMAHASAO,2026-04-06,63
IN-DIM-DIMAHASAO,2026-04-07,70
IN-DIM-DIMAHASAO,2026-04-08,77
IN-DIM-DIMAHASAO,2026-04-09,84
IN-DIM-DIMAHASAO,2026-04-10,91
IN-KAR-KARBIALONG,2026-04-01,23
IN-KAR-KARBIALONG,2026-04-02,29
IN-KAR-KARBIALONG,2026-04-03,35
IN-KAR-KARBIALONG,2026-04-04,41
IN-KAR-KARBIALONG,2026-04-05,47
IN-KAR-KARBIALONG,2026-04-06,53
IN-KAR-KARBIALONG,2026-04-07,59
IN-KAR-KARBIALONG,2026-04-08,65
IN-KAR-KARBIALONG,2026-04-09,71
IN-KAR-KARBIALONG,2026-04-10,77
IN-PAP-PAPUMPARE,2026-04-01,65
IN-PAP-PAPUMPARE,2026-04-02,73
IN-PAP-PAPUMPARE,2026-04-03,85
IN-PAP-PAPUMPARE,2026-04-04,93
IN-PAP-PAPUMPARE,2026-04-05,101
IN-PAP-PAPUMPARE,2026-04-06,109
IN-PAP-PAPUMPARE,2026-04-07,117
IN-PAP-PAPUMPARE,2026-04-08,125
IN-PAP-PAPUMPARE,2026-04-09,133
IN-PAP-PAPUMPARE,2026-04-10,141
IN-TAW-TAWANG,2026-04-01,18
IN-TAW-TAWANG,2026-04-02,23
IN-TAW-TAWANG,2026-04-03,28
IN-TAW-TAWANG,2026-04-04,33
IN-TAW-TAWANG,2026-04-05,38
IN-TAW-TAWANG,2026-04-06,43
IN-TAW-TAWANG,2026-04-07,48
IN-TAW-TAWANG,2026-04-08,53
IN-TAW-TAWANG,2026-04-09,58
IN-TAW-TAWANG,2026-04-10,63
IN-WKA-WESTKAMENG,2026-04-01,47
IN-WKA-WESTKAMENG,2026-04-02,54
IN-WKA-WESTKAMENG,2026-04-03,65
IN-WKA-WESTKAMENG,2026-04-04,72
IN-WKA-WESTKAMENG,2026-04-05,79
IN-WKA-WESTKAMENG,2026-04-06,86
IN-WKA-WESTKAMENG,2026-04-07,93
IN-WKA-WESTKAMENG,2026-04-08,100
IN-WKA-WESTKAMENG,2026-04-09,107
IN-WKA-WESTKAMENG,2026-04-10,114
IN-KOH-KOHIMA,2026-04-01,25
IN-KOH-KOHIMA,2026-04-02,31
IN-KOH-KOHIMA,2026-04-03,37
IN-KOH-KOHIMA,2026-04-04,43
IN-KOH-KOHIMA,2026-04-05,49
IN-KOH-KOHIMA,2026-04-06,55
IN-KOH-KOHIMA,2026-04-07,61
IN-KOH-KOHIMA,2026-04-08,67
IN-KOH-KOHIMA,2026-04-09,73
IN-KOH-KOHIMA,2026-04-10,79
IN-PHE-PHEK,2026-04-01,42
IN-PHE-PHEK,2026-04-02,49
IN-PHE-PHEK,2026-04-03,60
IN-PHE-PHEK,2026-04-04,67
IN-PHE-PHEK,2026-04-05,74
IN-PHE-PHEK,2026-04-06,81
IN-PHE-PHEK,2026-04-07,88
IN-PHE-PHEK,2026-04-08,95
IN-PHE-PHEK,2026-04-09,102
IN-PHE-PHEK,2026-04-10,109
IN-SEN-SENAPATI,2026-04-01,30
IN-SEN-SENAPATI,2026-04-02,36
IN-SEN-SENAPATI,2026-04-03,42
IN-SEN-SENAPATI,2026-04-04,48
IN-SEN-SENAPATI,2026-04-05,54
IN-SEN-SENAPATI,2026-04-06,60
IN-SEN-SENAPATI,2026-04-07,66
IN-SEN-SENAPATI,2026-04-08,72
IN-SEN-SENAPATI,2026-04-09,78
IN-SEN-SENAPATI,2026-04-10,84
